family	path	bytes	mtime	sha256
browser-exports	SETTLE/settle-site/public/data/sdmchat/sdmepic.bin	100942848	1790951328	73cfec1571d27cdf96c8b156f4c8ddc47c78bb445b5619771acbf77e114c7aec
browser-exports	SETTLE/settle-site/public/data/sdmchat/sdmepic.json	6350	1790951334	fa94a5b9f2edc5bfeb912c8df20cce3b24568da1cfeada3106852b608db12a4b
browser-exports	SETTLE/settle-site/public/data/sdmchat/sdmread.bin	45210624	1790951381	a82c20d5bed9d115606f2d1ea5fe061c63fd937412a96522e7dbeaac8db28e0f
browser-exports	SETTLE/settle-site/public/data/sdmchat/sdmread.json	5101	1790951385	34166c28f4776c73e0a2132f58f100fcfcb68dc85b0d3fd591c54445095e694c
browser-exports	SETTLE/settle-site/public/data/sdmchat/sdmwide512.bin	100942848	1790951349	05823a6738982d438dba4eb33b5374d4563dcac9dec430a5adb89e3d3635b96c
browser-exports	SETTLE/settle-site/public/data/sdmchat/sdmwide512.json	6521	1790951354	4d8f8bf828aada5288fcac0173ac30d30e06c7c7c0c6213af9cabee39853d482
browser-exports	SETTLE/settle-site/public/data/sdmchat/sdmwide512chat.bin	100942848	1790951342	b92d98641ac27811f9538657bc4fdf6bc598be62ca0ebcff14e0ddc9cfee3276
browser-exports	SETTLE/settle-site/public/data/sdmchat/sdmwide512chat.json	6508	1790951347	1f4211b373cd47fed182fe83699f25792596a3123c2ef69977db02ac2be09d9d
browser-exports	SETTLE/settle-site/public/data/sdmchat/sdmwide512web.bin	100942848	1790951335	60047988d342de2613041faa1a441f5cc5e22780721005207e24b066785ad71f
browser-exports	SETTLE/settle-site/public/data/sdmchat/sdmwide512web.json	6244	1790951341	3915d30bad124c469e011a454fc118a7cb0c82ab4c96775ba6aa7c18186c7864
browser-exports	SETTLE/settle-site/public/data/sdmchat/sdmwide768.bin	165874688	1790975699	2aabdb116df0548505555f4b0add36065f022ef18dae4742e926627628cb9cd5
browser-exports	SETTLE/settle-site/public/data/sdmchat/sdmwide768.json	6540	1790975706	42fed26e50a9dc939a200a067de392ef1bd224ef01f0a42ce1ef9437db17385f
browser-exports	SETTLE/settle-site/public/data/sdmchat/sdmwide768chat.bin	165874688	1790996012	29a0e9d739af4ac13b643fdc83fdf5989f5e06afd9bc1f787a79d5a89736d690
browser-exports	SETTLE/settle-site/public/data/sdmchat/sdmwide768chat.json	6631	1790996018	16b9ab34437277dfc0e2c34e2377f79e27be03aba837a012f979da588d3bd952
browser-exports	SETTLE/settle-site/public/data/sdmchat/tokenizer.json	3494673	1790996009	55dcc81753571d34f9abd86330ddd1e36f543710f1152d3ed6c4964dbbdd996d
browser-exports	SETTLE/settle-site/public/data/sdmchat/unigram.bin	45204480	1790951386	66199dd32499f4f99f336def53d6c3d51059a06ca549beb635f63bdbd9551f20
browser-exports	SETTLE/settle-site/public/data/sdmchat/unigram.json	3943	1790951389	18bd17e1beea6b7e7d5234f5c3db825c40215a803ce6217afba7bfe080f34d4c
browser-exports	SETTLE/settle-site/public/data/sdmchat/web300m.bin	45205504	1790951376	ad868880a82e76f7d5672f38a7792c493a2745b9e6c221ff8a04d9aa4349e328
browser-exports	SETTLE/settle-site/public/data/sdmchat/web300m.json	4406	1790951380	119fd8a45956d31188f9f89a54b3986bba195620c7ccd2193c6e1ec7af5a27d2
browser-exports	SETTLE/settle-site/public/data/sdmchat/wide300m.bin	47047680	1790951371	5127f67420885ac2602edf22d1bb1d6f9036244d1f089443ca551c51d17536c1
browser-exports	SETTLE/settle-site/public/data/sdmchat/wide300m.json	5424	1790951375	11bb82ffd84f7f1be0b98b739671221bb54b3b82814461e182ae7b2b553576f3
browser-exports	SETTLE/settle-site/public/data/sdmchat/wide512.bin	104621056	1790951363	5d954e64588977288e39fb9cccfc26f3d07f7adb52ec7647002cb3f704edacaa
browser-exports	SETTLE/settle-site/public/data/sdmchat/wide512.json	5400	1790951370	a1cf690d40e7db6422a62326ec6065273d6fb5dc80b33b781efabba8e963c1e4
browser-exports	SETTLE/settle-site/public/data/sdmchat/wide512chat.bin	104621056	1790951355	757a616084a9981426f9ba54443e97ee443ed67a5133557116a0b66960adef62
browser-exports	SETTLE/settle-site/public/data/sdmchat/wide512chat.json	5438	1790951361	c1ceed658165ed5aa4e19c6db02237526248fe8370f8d692994f2655355907c9
checkpoints	experiments/track4/sdmllm/checkpoints/epics_EP12/epics_EP12.result.json	2122	1790932752	2f664006cd4ef0dac35f5f7987c2a27b6d0c39efcae881dda86d83b3f761cb28
checkpoints	experiments/track4/sdmllm/checkpoints/epics_EP12/last.pt	897018595	1790932751	f5ba0dd58b9c93dbdc8301fcca5909dca22db96644d6ff97fb423780313ebc53
checkpoints	experiments/track4/sdmllm/checkpoints/epics_FW12/epics_FW12.result.json	2119	1790932798	7a5e9bc598335ed9d79d426a416038b02e56a0abb89de78358416e28e055c2c3
checkpoints	experiments/track4/sdmllm/checkpoints/epics_FW12/last.pt	897018595	1790932798	a54e42c383ece909bdb17e7f5a75f24c3f0927d1913eaf7aae96acaca8ddeaa2
checkpoints	experiments/track4/sdmllm/checkpoints/qwen_s0_20M/last.pt	432035151	1790769412	8a3c0bfc507b86ca5b93098feaf6ff15cb3068afc69f516328295264dcf1b7da
checkpoints	experiments/track4/sdmllm/checkpoints/qwen_s0_20M/test_per_window.npz	47208	1790783594	619f5e0b208a781bb1bfdb0048b9820237e302d6a67f4ab701c5530f0258b8d1
checkpoints	experiments/track4/sdmllm/checkpoints/qwen_s1_20M/last.pt	432035151	1790777108	e025e75e84f780da809009bf9b710c3d288e3b1a8824d56c174d7c02b3cef220
checkpoints	experiments/track4/sdmllm/checkpoints/qwen_s1_20M/test_per_window.npz	47208	1790783609	aa1ebfdd36eaa90e262336e321f08a58847b3cb1318a1297633ea0218583be10
checkpoints	experiments/track4/sdmllm/checkpoints/qwen_s2_20M/last.pt	432035151	1790780652	d35fe29e6bfd2ef480946fae06e0c856b220f07b0b678c3653c8a3a392b09f2b
checkpoints	experiments/track4/sdmllm/checkpoints/qwen_s2_20M/test_per_window.npz	47208	1790783624	ed33bd95e77e55d81029913af7b6a53b7ee0446e2464e713c3db55993d2769c4
checkpoints	experiments/track4/sdmllm/checkpoints/qwen_s3_20M/last.pt	432035279	1790789227	1d117ee1b4fc6cbecedb967f386b50cc4f38e5f5dcdbc7c381eec849b786091e
checkpoints	experiments/track4/sdmllm/checkpoints/qwen_s3_20M/test_per_window.npz	47208	1790789290	b81d7e38b9298914a8020ce9d89784c874e5d07c6bdf1144ec398ff0eb9217e9
checkpoints	experiments/track4/sdmllm/checkpoints/qwen_s4_20M/last.pt	432035279	1790789262	40b952026d6b7f7db6311c4210c27a2cf74a62573c92f6e4a691ca9095431bb8
checkpoints	experiments/track4/sdmllm/checkpoints/qwen_s4_20M/test_per_window.npz	47208	1790789311	16cec861c889fbd4a79478bf8aa126474b1039d68465c1908478e3ebde434137
checkpoints	experiments/track4/sdmllm/checkpoints/sdm_big_s0_20M/last.pt	510502381	1790778158	6674570138989cf289f7e0cdb00bbcce305ba11a1dda2e06bca93d6c09bcd1f8
checkpoints	experiments/track4/sdmllm/checkpoints/sdm_frozen_s0_20M/last.pt	424583862	1790774267	bc8737dd2d46a2674fbe9a90d8f97e03b215f1ba98259addebd5cf29e9e00172
checkpoints	experiments/track4/sdmllm/checkpoints/sdm_mlp_s0_20M/last.pt	431947687	1790771574	cbda2d3f2c70c491a96ff05f2d7a26994c36f252acdd911a1a0886149c3bc5c7
checkpoints	experiments/track4/sdmllm/checkpoints/sdm_mlp_s0_20M/test_per_window.npz	47208	1790797283	14ee5a5d326fadd5b5a0e6709b220a69241e2dc928989fe871d7b59ceab90f44
checkpoints	experiments/track4/sdmllm/checkpoints/sdm_ngram_s0_20M/last.pt	431943721	1790790617	b6a5cf82af7650ef45c6e7c2f2c13895448d419d1af10f4f8a452a4ee636d076
checkpoints	experiments/track4/sdmllm/checkpoints/sdm_ngram_s0_20M/test_per_window.npz	47208	1790790677	1e9c31797964629d8db7a0d71039004f7faa96e9a294c65240ea4c1c15682a39
checkpoints	experiments/track4/sdmllm/checkpoints/sdm_ngram_s1_20M/last.pt	431943721	1790796733	8355d15a732021bdd33be8ea705b946e92e13dc92e143d173bfbde2193013539
checkpoints	experiments/track4/sdmllm/checkpoints/sdm_ngram_s1_20M/test_per_window.npz	47208	1790796810	0e97ebed02bc90198f9e4ee4177976c1ae6b8b990ea96a3c24f56360feab9dbf
checkpoints	experiments/track4/sdmllm/checkpoints/sdm_ngram_s2_20M/last.pt	431943721	1790798500	546f01bef64bb12a6279375b1fa1473188ac48aba7385c89e66bae3da3eff7a2
checkpoints	experiments/track4/sdmllm/checkpoints/sdm_ngram_s2_20M/test_per_window.npz	47208	1790798586	50e5c017acfc3900ec89b735361b6dea1e43276f782baccca855222489c96a04
checkpoints	experiments/track4/sdmllm/checkpoints/sdm_ngram_unigram_s0_20M/last.pt	431942645	1790798597	d42c8f3de3a71d04c5e59258886a291bf23009fac626c539521f6a7c51129011
checkpoints	experiments/track4/sdmllm/checkpoints/sdm_ngram_unigram_s0_20M/test_per_window.npz	47208	1790798646	43a5e8c859d13635fa6847080bae64758327af0d645ab5fe502b7b19050e0a37
checkpoints	experiments/track4/sdmllm/checkpoints/sdm_ngram_unigram_s1_20M/last.pt	431942645	1790803025	6a5c903ca9cc496541d6b8ba3c1786b9240325c221c53b7510387b9c672f35f8
checkpoints	experiments/track4/sdmllm/checkpoints/sdm_ngram_unigram_s1_20M/test_per_window.npz	47208	1790803056	0d5fecdb4049dd573067f6dbd2d3b4d8c4750dafb0e9b7fb68273385f39a6ada
checkpoints	experiments/track4/sdmllm/checkpoints/sdm_ngram_unigram_s2_20M/last.pt	431942645	1790803937	a26f5da951d4f773d7101ba9c881d8e624c0bfa2a4e261e28d2f94f4637f8991
checkpoints	experiments/track4/sdmllm/checkpoints/sdm_ngram_unigram_s2_20M/test_per_window.npz	47208	1790803966	dd51fcdd343c067ccaeb61067fbaae23b7936a43c9689df6d389b40f43c0bedb
checkpoints	experiments/track4/sdmllm/checkpoints/sdm_nostore_s0_20M/last.pt	408249985	1790771829	0fc2cfc22599063279e89da3198f798288ca55adf0f187259df16126ebb02cc5
checkpoints	experiments/track4/sdmllm/checkpoints/sdm_nostore_s0_20M/test_per_window.npz	47208	1790783638	821aba5d24f4b5ba8a951c7e8d8e963523da8f68d1090ea728908a36ecfea259
checkpoints	experiments/track4/sdmllm/checkpoints/sdm_nostore_s1_20M/last.pt	408249985	1790778755	295462cfa602dc9618a243c515e0bc208c184eb259e72d8aa2010f64f83e9ed9
checkpoints	experiments/track4/sdmllm/checkpoints/sdm_nostore_s1_20M/test_per_window.npz	47208	1790783651	657bde4310103eb52b04aec6d455497ba58f0f9bde483f17f7017946f0dafca1
checkpoints	experiments/track4/sdmllm/checkpoints/sdm_nostore_s2_20M/last.pt	408249985	1790781448	ab743434016f4f4b6fab8a2bd88004766e35e73804803f5635a6f82211b18620
checkpoints	experiments/track4/sdmllm/checkpoints/sdm_nostore_s2_20M/test_per_window.npz	47208	1790783665	b132cc1fe236ef6013793f0c6e1ba7c3582c9b4b9596c46019faa489a08a301d
checkpoints	experiments/track4/sdmllm/checkpoints/sdm_qstop_s0_20M/last.pt	431957741	1790785601	05fdb831283e810c2af0efe40a93032861c3d277fa91e959f120ec4dfe6142b8
checkpoints	experiments/track4/sdmllm/checkpoints/sdm_qstop_s0_20M/test_per_window.npz	47208	1790785700	72b3a622dd6ab542dc240a72c410f5395c193fe77fce925831b5804052d1998e
checkpoints	experiments/track4/sdmllm/checkpoints/sdm_repro_s0_20M/last.pt	431957741	1790791053	40b9af1ae4aa620fe152d224e47df4b5fe8ba46db9301d18c23a073eaff2d693
checkpoints	experiments/track4/sdmllm/checkpoints/sdm_repro_s0_20M/test_per_window.npz	47208	1790791143	fb28c2add5d5de4a400b4f94428dec0656772d4004090d35e3160dc4fe6b3893
checkpoints	experiments/track4/sdmllm/checkpoints/sdm_s0_20M/last.pt	431957485	1790768571	50f4b70a4c075c36093c13769b154d17e4d1215536dd91d0b1fd96cf6599fc79
checkpoints	experiments/track4/sdmllm/checkpoints/sdm_s0_20M/test_per_window.npz	47208	1790783686	c2fff1027fb1bd53607b4abb46885e451aa2111eef6b7b622dc4fca490851564
checkpoints	experiments/track4/sdmllm/checkpoints/sdm_s1_20M/last.pt	431957485	1790774021	e734bf4af4fc2e1fec9b786db8f0d1e42ec8e286be8e472be1487ef235901cdc
checkpoints	experiments/track4/sdmllm/checkpoints/sdm_s1_20M/test_per_window.npz	47208	1790783707	143ba003a4f8982ebbeaa53d2b0dedc392859a3883ec8077c1d650996bea505b
checkpoints	experiments/track4/sdmllm/checkpoints/sdm_s2_20M/last.pt	431957485	1790780083	04b26ccb2e8b88f3a6c94688af60bc7d064fa2a12901068bd1db7e3cb8d22f5a
checkpoints	experiments/track4/sdmllm/checkpoints/sdm_s2_20M/test_per_window.npz	47208	1790783746	21f1b7e9eade2fbea9f468c584439afaef2e93dfe945a07d9a7644291948437f
checkpoints	experiments/track4/sdmllm/checkpoints/sdm_softness2_s0_20M/last.pt	431957485	1790778305	521d12a7619b1638d38b9b40c7253547cb72599519db9d28f912502afb80d2b8
checkpoints	experiments/track4/sdmllm/checkpoints/sdm_softness2_s0_20M/test_per_window.npz	47208	1790783806	74bbb289f66eef9c52dbb43c26d63d88efe51e3ac28c12fb7d91bd68235f8c69
checkpoints	experiments/track4/sdmllm/checkpoints/sdm_storeopt_qscale01_s0_20M/last.pt	431957741	1790787525	0aa454c45ed7587287c8e2e95351bd98ce9584199b66911b296bc5c00ea66887
checkpoints	experiments/track4/sdmllm/checkpoints/sdm_storeopt_qscale01_s0_20M/test_per_window.npz	47208	1790787594	f2a30dc228ffdd67e822f3ffdd99f2df2865a9cbe58b8f8bc2f38082f30905a3
checkpoints	experiments/track4/sdmllm/checkpoints/sdm_storeopt_qstop_s0_20M/last.pt	431957741	1790787505	d74ac970efd691fe444cfa8b2a5721cae460c5343871558e7fd32e2bcce7eecd
checkpoints	experiments/track4/sdmllm/checkpoints/sdm_storeopt_qstop_s0_20M/test_per_window.npz	47208	1790787573	faed00a590a6ff377d457146404bd9923adc720c77ab0636df12381598a48e57
checkpoints	experiments/track4/sdmllm/checkpoints/sdm_storeopt_qstop_soft0p25_s0_20M/last.pt	431957741	1790792415	40c6686a49777da611b1a033ecc2e95894102d1823901d557708bd80e52677be
checkpoints	experiments/track4/sdmllm/checkpoints/sdm_storeopt_qstop_soft0p25_s0_20M/test_per_window.npz	47208	1790792512	1c9d74a28ef80956466e5271d7e620c495e68c9162d68919d8248f95a9028878
checkpoints	experiments/track4/sdmllm/checkpoints/sdm_storeopt_qstop_soft0p25_s1_20M/last.pt	431957741	1790800299	480d3e0e91c0cbbcaa5f483c4257d68d533dbf3fddeeb3fae7bf52e5aa54b21a
checkpoints	experiments/track4/sdmllm/checkpoints/sdm_storeopt_qstop_soft0p25_s1_20M/test_per_window.npz	47208	1790800359	7d66ca86fbd1a2e62cfac43fd3b2e082a0f56af0e2cce086c3c23c5141ab802e
checkpoints	experiments/track4/sdmllm/checkpoints/sdm_storeopt_qstop_soft0p25_s2_20M/last.pt	431957741	1790801795	e2544587f5aae61750b730fd3abde61ef896847b6b5a05230f5ea056be2e4688
checkpoints	experiments/track4/sdmllm/checkpoints/sdm_storeopt_qstop_soft0p25_s2_20M/test_per_window.npz	47208	1790801868	851e8e34750a1d3e2f82d78f8e55384ace4af14363855fc9aeb016122b32a68a
checkpoints	experiments/track4/sdmllm/checkpoints/sdm_storeopt_qstop_soft1_s0_20M/last.pt	431957741	1790792884	1465ed18a8fbba7814270c99233d1dc9583295a13f5e777af6261fb4d80c5d64
checkpoints	experiments/track4/sdmllm/checkpoints/sdm_storeopt_qstop_soft1_s0_20M/test_per_window.npz	47208	1790792973	e4a9f445878765bb85da97f318ecf819934d79d45e7f6a22e3730191f42a458c
checkpoints	experiments/track4/sdmllm/checkpoints/sdm_storeopt_qstop_soft2_s0_20M/last.pt	431957741	1790794433	6773292c3b1e7a52e873cd6790941ca4e483ce18b6a5feb2e5e196e1c9cece16
checkpoints	experiments/track4/sdmllm/checkpoints/sdm_storeopt_qstop_soft2_s0_20M/test_per_window.npz	47208	1790794560	2de95ff095bed25b09de4057283cbfa754d1a0b81a63dc98460ada743494ac2d
checkpoints	experiments/track4/sdmllm/checkpoints/sdm_storeopt_qstop_soft4_s0_20M/last.pt	431957741	1790794987	dd471086931799f5916e15cb2ee18aee68c02986d8a63706f4486a5e6fd3f953
checkpoints	experiments/track4/sdmllm/checkpoints/sdm_storeopt_qstop_soft4_s0_20M/test_per_window.npz	47208	1790795106	cf3eb00eaf1961b6e968f66edefeb79a6ce79cc647cb0f340269ed72107e00bc
checkpoints	experiments/track4/sdmllm/checkpoints/sdm_storeopt_qstop_soft8_s0_20M/last.pt	431957741	1790796798	882fcc1cd8b445b22bf1fc12f6703e700bc5f8921cbdd08235dd53f657c83438
checkpoints	experiments/track4/sdmllm/checkpoints/sdm_storeopt_qstop_soft8_s0_20M/test_per_window.npz	47208	1790796885	be9e233665bd2fca4da6a74e11b997fd6a978a251c465cb9380677e3ef1d73b2
checkpoints	experiments/track4/sdmllm/checkpoints/sdm_storeopt_s0_20M/last.pt	431957741	1790785591	af962e4177e681f5909ce733f481bd0cc6361de89e6cad3c28134c5b47c204fb
checkpoints	experiments/track4/sdmllm/checkpoints/sdm_storeopt_s0_20M/test_per_window.npz	47208	1790785695	b9cbb53fd4edf7e1d504514a5c8be3313d238f99c9dd170e329e0b395c3b53b3
checkpoints	experiments/track4/sdmllm/checkpoints/sdmchats_SWC_d512_chat_100M/last.pt	897018595	1790929800	af57ae2d113c6e439124103032f3eebe42964d397bd59c372cab7094e1aa3e78
checkpoints	experiments/track4/sdmllm/checkpoints/sdmchats_SWC_d512_chat_100M/sdmchats_SWC_d512_chat_100M.result.json	2305	1790929800	7e5b6ec9d5cbb4cccdf55d9aef64da70bd786b8660ae5c778b23b516f1ec6d3f
checkpoints	experiments/track4/sdmllm/checkpoints/sdmchats_SWLC_d768_chat_100M/last.pt	1389672163	1790996009	b7354027d41cfd55d46b5b377c51b6094f58feb9fb4ebc609563b10ae72556b2
checkpoints	experiments/track4/sdmllm/checkpoints/sdmchats_SWLC_d768_chat_100M/sdmchats_SWLC_d768_chat_100M.result.json	2303	1790996009	6d405a24230a70c0bdfe171ee63cf04d343a355ca3be1eab8904ada6a5fa67c8
checkpoints	experiments/track4/sdmllm/checkpoints/sdmchats_SWL_d768_s0_600M/last.pt	1389672163	1790972242	380a0e6346cdc694cd83a4a3b2767f8e4fed16416888e307f38ab3a139de6370
checkpoints	experiments/track4/sdmllm/checkpoints/sdmchats_SWL_d768_s0_600M/sdmchats_SWL_d768_s0_600M.result.json	3272	1790972242	af3a3390b4f1e2adeda8caa4d0939b1ad75c9a71f15442758f1e22b418f5ce16
checkpoints	experiments/track4/sdmllm/checkpoints/sdmchats_SW_d512_s0_300M/last.pt	897018915	1790923505	5a4e48c7a737722a089d9711957c64c27f4d82df09d1f0e254bcfeca00968abd
checkpoints	experiments/track4/sdmllm/checkpoints/sdmchats_SW_d512_s0_300M/sdmchats_SW_d512_s0_300M.result.json	2586	1790923505	47fe6f89b9d6daa276ceacaec1c09f3f85a2d20777abe71df797d5ba1145d692
checkpoints	experiments/track4/sdmllm/checkpoints/spark_U_s0_300M/last.pt	431943285	1790834228	a6c030f58ee3c48c74876ac8472abccd8780452f006a7d684a58ec0fd20b2499
checkpoints	experiments/track4/sdmllm/checkpoints/spark_U_s0_300M/test_per_window.npz	47208	1790834626	e6c7c8b18590cad830b09c0a12b9ac9393af126e4c6192a11442d63cbd835650
checkpoints	experiments/track4/sdmllm/checkpoints/spark_W2_d512_s0_300M/last.pt	908058337	1790880401	bf7522c5095e716a5cce8b717555bff8116424dd069fd360eaeb86f81005762a
checkpoints	experiments/track4/sdmllm/checkpoints/spark_W2_d512_s0_300M/test_per_window.npz	47208	1790880583	c1ebe3a9a912e5c545c50dbad9b0fa0a88a83da2f7e0bd82045272390f875dde
checkpoints	experiments/track4/sdmllm/checkpoints/spark_WCC_d512_chat_100M/last.pt	908058337	1790894556	95f6c10657d0c2fe1205e172596fc5057cd8c26a2e7cc67b6f1659abd851b6cf
checkpoints	experiments/track4/sdmllm/checkpoints/spark_WCC_d512_chat_100M/test_per_window.npz	47208	1790894610	4ae6380a96d538a108fedeff90390cacbe3fa8a5253970a0bbc096113c650965
checkpoints	experiments/track4/sdmllm/checkpoints/spark_W_s0_300M/last.pt	437478113	1790869131	df5457aed29c86c4bc92e09e78a542d4c7abf7c709398833ca0222e80d301555
checkpoints	experiments/track4/sdmllm/checkpoints/spark_W_s0_300M/test_per_window.npz	47208	1790869294	0be07ccf154a0c859c015e13e471b23e863879761a3cccb24530c7324905d33f
checkpoints	experiments/track4/sdmllm/checkpoints/vast/vast_VACC4_d512_chat_400M/model_bf16.pt	147668789	1790857784	f97ca778c7fb607cea88a79495be39e9fca9b45bddacc76dbed8f7ae88e8e38e
checkpoints	experiments/track4/sdmllm/checkpoints/vast/vast_VACC4_d512_chat_400M/test_per_window.npz	47208	1790857773	809fa784c6d2ddab64ab4d3f6c97aa183a22c64a8df2cb90e36d43717df20e32
checkpoints	experiments/track4/sdmllm/checkpoints/vast/vast_VA_d512_s0_3B/model_bf16.pt	147668789	1790854604	6cadb500f466434bf0bf5496aee936e6dc8cecd0a8c314389ab43c8ca79f6ce9
checkpoints	experiments/track4/sdmllm/checkpoints/vast/vast_VA_d512_s0_3B/test_per_window.npz	47208	1790854422	fc4e04ca6b5cb6c51efef6a963a52163dd2573d35a1b4792058cae5e00f0c196
checkpoints	experiments/track4/sdmllm/checkpoints/vast/vast_VBCC4_d768_chat_400M/model_bf16.pt.partial	35517120	1790872480	d4e003228b256fc4c5178bc7302f6e9ef487396f8290ebbfd6edeb3890e4b26c
checkpoints	experiments/track4/sdmllm/checkpoints/vast/vast_VB_d768_s0_3B/model_bf16.pt	227029813	1790861042	e41ab922a010ccdea32b84bbc338ef23d1954031601c0eb32cd2281683476adc
checkpoints	experiments/track4/sdmllm/checkpoints/vast/vast_VB_d768_s0_3B/test_per_window.npz	47208	1790856561	a2ff27a385ac35d947c36b59e84fb2419c5bad5133821465622e9566a71f2698
checkpoints	experiments/track4/sdmllm/checkpoints/vast/vast_VCCC4_d1024_chat_400M/model_bf16.pt	310077237	1790862162	b3169efa56065f1b8a4eec1873479fb5eb46092e62a4cb656f6e76330972e119
checkpoints	experiments/track4/sdmllm/checkpoints/vast/vast_VCCC4_d1024_chat_400M/test_per_window.npz	47208	1790862149	eb0e12acee8ad29e047259095ce7555754aa823e1b90d43dbafb126e534648e0
checkpoints	experiments/track4/sdmllm/checkpoints/vast/vast_VCC_d512_chat_100M/model_bf16.pt	147668789	1790855500	cdb56f0eaeff99f350f2eb38fb224cebcb7aa86c71ba71e9f5ea684b708c7cf8
checkpoints	experiments/track4/sdmllm/checkpoints/vast/vast_VCC_d512_chat_100M/test_per_window.npz	47208	1790854936	de67c6aa022879cc1a58ee0190f19241123602ce9bf6f995fd7dfa1eb784259a
checkpoints	experiments/track4/sdmllm/checkpoints/vast/vast_VC_d1024_s0_2500M/model_bf16.pt.partial	31193088	1790872480	dbc012fbac47d7517dd0fe497f45a050b93fdfd33eb3dd9bc4389b99d97708dd
checkpoints	experiments/track4/sdmllm/checkpoints/vast/vast_VD_nostore_d512_s0_3B/model_bf16.pt	139771445	1790854608	29c827dc5eafe0dcad25223a5429498e2a3a8a86bea592f24e2612c1f09115b8
checkpoints	experiments/track4/sdmllm/checkpoints/vast/vast_VD_nostore_d512_s0_3B/test_per_window.npz	47208	1790851565	f0a2901a298c011f51431f6a6bc0ebab003a8fba448b29efbdafc5b443e4547c
checkpoints	experiments/track4/sdmllm/checkpoints/vast/vast_VS_sdmread_d512_s0_3B/model_bf16.pt.partial	51150848	1790872480	17c1bb95a1b00c2839f8bbb6478a62394bc160b4b7a976c9d8ffdd2a68d1808b
checkpoints	experiments/track4/sdmllm/checkpoints/vast/vast_unigram_s0_20M/model_bf16.pt	71994165	1790837557	f1a580116438110643a75c0b0c86cf3a231509310139fdc592ea592592406a72
checkpoints	experiments/track4/sdmllm/checkpoints/vast/vast_unigram_s0_20M/test_per_window.npz	47208	1790834725	581041c1c585981b17022434b67fde30864fdaf575b7f8236aafd90a739f5f53
checkpoints	experiments/track4/sdmllm/checkpoints/vast/wg_WG0/model_bf16.pt	71998709	1790861072	a7fe798e0eb33299d4c92c5c2e1e1324067e34dea9e338ea6d0ccca8f992e923
checkpoints	experiments/track4/sdmllm/checkpoints/vast/wg_WG25/model_bf16.pt	71998709	1790861072	43810f88507238263020c632237952da7df8d8f80c594842c9b5dfc8f567afcb
checkpoints	experiments/track4/sdmllm/checkpoints/vast/wg_WG50/model_bf16.pt	71998709	1790861072	78fb61c7a9cb4c1cb5798e8a588d82314f984f4eca3fd60cf5c21d12e26bb0f8
checkpoints	experiments/track4/sdmllm/checkpoints/vast/wg_WG75/model_bf16.pt	71998709	1790861072	6faab0e5e043bb1b6c078fffb5bf0aee622428f4ed4b138cc0befd70e9b7b8d6
checkpoints	experiments/track4/sdmllm/checkpoints/vast/wg_WGA50/model_bf16.pt	147668853	1790861073	5f8a6cdda4657a5c0aa28808e058668ece2a5e4d3b3dab4b94f703d84dd6844e
tokenizer-copies	experiments/track4/sdmllm/data/ds4_v4flash_tokenizer.json	4765501	1790765269	cb1c3615936c53db8b95ce97ad39e7ff9f944b68ff55c32497225436a544b2c4
tokenizer-copies	experiments/track4/sdmllm/data/hf_v4flash/tokenizer.json	6367146	1790765245	8f9f37ca37fdc4f5fd36d5cf4d3b0e8392edb4e894fd10cc0d70b4957c8633cf
tokenizer-copies	experiments/track4/sdmllm/data/hf_v4flash/tokenizer_config.json	801	1790765246	6ac8c8dc065ed118161d02dd532749ae3f52c243deac27872134fae2f50d8547
tokenizer-copies	experiments/track4/sdmllm/data/hf_v4flash_0731/tokenizer.json	6367146	1790767168	8f9f37ca37fdc4f5fd36d5cf4d3b0e8392edb4e894fd10cc0d70b4957c8633cf
token-shards	experiments/track4/sdmllm/data/prepare.log	4257	1790765855	109a5098d054be4b9794aa486c5d9a5d829fd27ee19ab16d002d1f4263c2ed2c
token-shards	experiments/track4/sdmllm/data/token_bytes.i32	517120	1790765717	69f960259c9dbe4d050c3247dd5201a0d014581cd64c2d342b9697c5199fc84f
token-shards	experiments/track4/sdmllm/data/train.u32	262089052	1790765843	c2f7bc059eb399cad90a1ab38b2ecba0a679adc179d284aa0d34697dbdb9e5c7
token-shards	experiments/track4/sdmllm/data/val.u32	8003664	1790765846	89fbba2c788c0f15c4835cdc9197c035c1a9ad45365e83d3692c737653aa974f
vast-arrays	experiments/track4/sdmllm/runs_vast_sdmonly/sdmonly-a-5090/ck/p0_A_c/test_per_window.npz	47208	1791026883	ad29fce925feda68792f44c52bc9d44c95eee3eef0a9ece3217c3068359e0cfa
vast-arrays	experiments/track4/sdmllm/runs_vast_sdmonly/sdmonly-a-5090/ck/p0_A_c_s1/test_per_window.npz	47208	1791030380	4691098cf5b308bffc3c8767a4ec29d883b423788c0ec59f5ff00e88144963fd
vast-arrays	experiments/track4/sdmllm/runs_vast_sdmonly/sdmonly-a-5090/ck/p0_A_dense/test_per_window.npz	47208	1791027264	544a80d77c9f0fd187e8d150b53e0a2bd1a38cab5fcddc822d9e227c638ade11
vast-arrays	experiments/track4/sdmllm/runs_vast_sdmonly/sdmonly-a-5090/ck/p0_A_dense_s1/test_per_window.npz	47208	1791030547	508070b43fcd198aeaa7f470be0b26614c2267d930c9a64c1a9c52ec52020ff4
vast-arrays	experiments/track4/sdmllm/runs_vast_sdmonly/sdmonly-a-5090/ck/p0_A_h2/test_per_window.npz	47208	1791028053	71079cff92d94b5bfa9f7a4ac835f439b6e1b5d727c49eaae4ef804b67122a23
vast-arrays	experiments/track4/sdmllm/runs_vast_sdmonly/sdmonly-a-5090/ck/p0_A_h8/test_per_window.npz	47208	1791028212	5342ee1ff3227a057de01ceff5b7e809aad8b5e7294863e82050d203609d0cc7
vast-arrays	experiments/track4/sdmllm/runs_vast_sdmonly/sdmonly-a-5090/ck/p0_A_heads4/test_per_window.npz	47208	1791028943	348073b4ecec392cab2acab43f41a812247e1e7e98927fdd66a6d6642376cd07
vast-arrays	experiments/track4/sdmllm/runs_vast_sdmonly/sdmonly-a-5090/ck/p0_A_k16/test_per_window.npz	47208	1791028610	ac6ede6ff9ccc7890d988b24c781ecc04f27c54229bb71154bd54ffead2571f7
vast-arrays	experiments/track4/sdmllm/runs_vast_sdmonly/sdmonly-a-5090/ck/p0_A_k64/test_per_window.npz	47208	1791028759	442ea58066f80426adc72565fd63287642809e54732616dfd7e658b51e0d97cc
vast-arrays	experiments/track4/sdmllm/runs_vast_sdmonly/sdmonly-a-5090/ck/p0_A_lr1/test_per_window.npz	47208	1791027468	521206aeae8cb85eabe16cddc1870e1d9eba36b1178233fe4229737d2993da87
vast-arrays	experiments/track4/sdmllm/runs_vast_sdmonly/sdmonly-a-5090/ck/p0_A_lr10/test_per_window.npz	47208	1791027707	17bd36d5beb688c01cc4f3b5582aacc93549c5e39a310284679d03f1618e3d51
vast-arrays	experiments/track4/sdmllm/runs_vast_sdmonly/sdmonly-a-5090/ck/p0_A_lr6/test_per_window.npz	47208	1791027587	ddd3d642649b13c7286d7463e568106d983ccfd7959a5693b62c2270799db681
vast-arrays	experiments/track4/sdmllm/runs_vast_sdmonly/sdmonly-a-5090/ck/p0_A_n128/test_per_window.npz	47208	1791028327	ef784ee0ee77801bfd6c7d38e929ce5c6c16de6c2a9b0c036ac5f596930d9c6c
vast-arrays	experiments/track4/sdmllm/runs_vast_sdmonly/sdmonly-a-5090/ck/p0_A_n512/test_per_window.npz	47208	1791028491	82c34db39654413bf2c3382dfc6d8c0ccf01759447460825fd8d7d097b910820
vast-arrays	experiments/track4/sdmllm/runs_vast_sdmonly/sdmonly-a-5090/ck/p0_A_none/test_per_window.npz	47208	1791027179	12bd029d0707e0836579ff1b10dcaca24e32f73ff2811e301329bdfce7f8254d
vast-arrays	experiments/track4/sdmllm/runs_vast_sdmonly/sdmonly-a-5090/ck/p0_A_none_s1/test_per_window.npz	47208	1791030466	4d3355245c0815f9cb75d7f2d03b14de6ac77fdf8080a19ee3f9e4c442a817d4
vast-arrays	experiments/track4/sdmllm/runs_vast_sdmonly/sdmonly-a-5090/ck/p0_A_qg1/test_per_window.npz	47208	1791029312	a0ac14fc7a8831404513ee00a6570650d159a942a43eef1633a77fe167d596d1
vast-arrays	experiments/track4/sdmllm/runs_vast_sdmonly/sdmonly-a-5090/ck/p0_A_ro/test_per_window.npz	47208	1791029438	4d82f9e9cae37c91e4bfa969dc07d40c911bc27a8530eeb09b1b06d7b2e06ad2
vast-arrays	experiments/track4/sdmllm/runs_vast_sdmonly/sdmonly-a-5090/ck/p0_A_share/test_per_window.npz	47208	1791029062	e707a4039fc8c65d260ef4655cb994e18b35f241dd8242f5e27da0aa03290079
vast-arrays	experiments/track4/sdmllm/runs_vast_sdmonly/sdmonly-a-5090/ck/p0_A_slr1/test_per_window.npz	47208	1791027826	9a3e1d0247f0945f744d8cd5bf639a03ec90530ea0b7ec0fb40fd3f6b40e640c
vast-arrays	experiments/track4/sdmllm/runs_vast_sdmonly/sdmonly-a-5090/ck/p0_A_slr10/test_per_window.npz	47208	1791027946	3499b7d30a0e3db8a5c113d8c0777cc637f2628ec807fcdb6551ab42eec6a0bf
vast-arrays	experiments/track4/sdmllm/runs_vast_sdmonly/sdmonly-a-5090/ck/p0_A_soft5/test_per_window.npz	47208	1791029187	d6efb322c8f8cec2d188d4da198591a22136d440d067db31435e8f36c6d9b628
vast-arrays	experiments/track4/sdmllm/runs_vast_sdmonly/sdmonly-a-5090/ck/p0_A_wd/test_per_window.npz	47208	1791029678	5051ebec3f8c999ba16598f0cb82cdc02a1ddeb9835ccc6683d42cee79b0330c
vast-arrays	experiments/track4/sdmllm/runs_vast_sdmonly/sdmonly-a-5090/ck/p0_A_wsd/test_per_window.npz	47208	1791029557	3c1f5ad8e384d7e3d597006097b99524a7183132b741bbb8ed1409eb8c999062
vast-arrays	experiments/track4/sdmllm/runs_vast_sdmonly/sdmonly-a-5090/ck/p0_R_N/test_per_window.npz	47208	1791027096	f783ef1bb93c73bc208daff899b7a786c4cfb6b2ab74812eefc9a5dd64cc7fb9
vast-arrays	experiments/track4/sdmllm/runs_vast_sdmonly/sdmonly-a-5090/ck/p0_R_Q/test_per_window.npz	47208	1791027354	c6310d1cb1003abfa5e920f7b1dff795b7848008730211f59a334799996dd528
vast-arrays	experiments/track4/sdmllm/runs_vast_sdmonly/sdmonly-a-5090/ck/p0_R_S/test_per_window.npz	47208	1791027008	c7fd433dcd5ebfd3d9de1385e89dd41e9d9c2bd1c02f04737deea0a0c5e1ee65
vast-arrays	experiments/track4/sdmllm/runs_vast_sdmonly/sdmonly-a-5090/ck/sz_d384_60M/test_per_window.npz	47208	1791026309	21550b7ce891156b029e408974487c95602699cb9a9f71ca5cdb6c70f68b8690
vast-arrays	experiments/track4/sdmllm/runs_vast_sdmonly/sdmonly-a-5090/ck/sz_d512_20M/test_per_window.npz	47208	1791026904	6bb5c97c94637fd2ebbd91c1aab3374fc748279f8433ff0e7e87175984419581
vast-arrays	experiments/track4/sdmllm/runs_vast_sdmonly/sdmonly-a-5090/ck/sz_d512_60M/test_per_window.npz	47208	1791025890	206a93028b98bb426a0c332ebd06214dcdda8f16b46fe913a46270d307ae3571
vast-arrays	experiments/track4/sdmllm/runs_vast_sdmonly/sdmonly-a-5090/ck/w3_rt32/test_per_window.npz	47208	1791030260	25241270601e554323fb3d4e8c2db319b884bb0ec6f61a18a2745dd3fec5e174
vast-arrays	experiments/track4/sdmllm/runs_vast_sdmonly/sdmonly-a-5090/ck/w3_rt8/test_per_window.npz	47208	1791029814	114a080f832231c4308659d76d45a044f2edfdf4caedf4e183568a627e87fb93
vast-arrays	experiments/track4/sdmllm/runs_vast_sdmonly/sdmonly-a-5090/ck/w3_rt8_dense/test_per_window.npz	47208	1791030135	4132e6d909d9f85c514b618d0990bf5e87fb814fd3332ca76aa9a843473b9ecf
vast-arrays	experiments/track4/sdmllm/runs_vast_sdmonly/sdmonly-a-5090/ck/w3_rt8_none/test_per_window.npz	47208	1791030044	5752ed5675072633dde2343bee5c556d1b3f728d73e62c6061b45a1334c5b6ce
vast-arrays	experiments/track4/sdmllm/runs_vast_sdmonly/sdmonly-a-5090/ck/w3_rt8_shuf/test_per_window.npz	47208	1791029948	0577c51800f108ffb7afc2da7825caef7e7843bc6d4cc8cb1a1009fc0cf94518
vast-arrays	experiments/track4/sdmllm/runs_vast_sdmonly/sdmonly-a-5090/ck/w6_mu_B64/test_per_window.npz	47208	1791031463	519ffadc40ab02947d7101c66c630b534b9eb51bd3553f85ce5ae36362fd1356
vast-arrays	experiments/track4/sdmllm/runs_vast_sdmonly/sdmonly-a-5090/ck/w6_mu_c_s1/test_per_window.npz	47208	1791031334	c6b77683aeb84d2f90d1bc5eafb4439cff7bd893e9befc706688c00b33ec9036
vast-arrays	experiments/track4/sdmllm/runs_vast_sdmonly/sdmonly-a-5090/ck/w6_mu_combo/test_per_window.npz	47208	1791030989	b1d48c92368f16c71cd6c93b5efdb5088d0333f7ac6b82e3a94007b9ea19c788
vast-arrays	experiments/track4/sdmllm/runs_vast_sdmonly/sdmonly-a-5090/ck/w6_mu_combo_none/test_per_window.npz	47208	1791031093	1612a53071e7dd2a2a1bcc4291a8023b0269dc2e966093e7739c167ae624360b
vast-arrays	experiments/track4/sdmllm/runs_vast_sdmonly/sdmonly-a-5090/ck/w6_mu_dense/test_per_window.npz	47208	1791030716	533df62b5801f97a5bf01b4b09324481aa22ac278630e13da9cc9fb2e054d825
vast-arrays	experiments/track4/sdmllm/runs_vast_sdmonly/sdmonly-a-5090/ck/w6_mu_hopmlp/test_per_window.npz	47208	1791030841	e10818b31b0b6e91bf3f54a941bbcb168b335d7c6fb603f7d6d1f52f1ecab73f
vast-arrays	experiments/track4/sdmllm/runs_vast_sdmonly/sdmonly-a-5090/ck/w6_mu_lr05/test_per_window.npz	47208	1791031705	a3b59370dc3a301d70d7219a9394f93113c5ae2158544a7c6ae067e8ccc6c66d
vast-arrays	experiments/track4/sdmllm/runs_vast_sdmonly/sdmonly-a-5090/ck/w6_mu_lr2/test_per_window.npz	47208	1791031584	f29dfb0a71965dfb8e51c2c9e724361785bf1d6457af29a0741a10a4463dcf3e
vast-arrays	experiments/track4/sdmllm/runs_vast_sdmonly/sdmonly-a-5090/ck/w6_mu_none/test_per_window.npz	47208	1791030630	7726190850af1e376a62a580bf494c138ffdb7da08156fcf7016421891d7ac65
vast-arrays	experiments/track4/sdmllm/runs_vast_sdmonly/sdmonly-a-5090/ck/w6_mu_rt8/test_per_window.npz	47208	1791031213	9cba57c6102a0867d4230efbb48e091aa34632ffdcdedb8145f7a8b04396465d
vast-arrays	experiments/track4/sdmllm/runs_vast_sdmonly/sdmonly-a-5090/ck/w7_ch_d512_60M/test_per_window.npz	47208	1791035440	07dd472855d652c58670b9d71c8cc1604565693da42b2bed4f449d21ba3b8648
vast-arrays	experiments/track4/sdmllm/runs_vast_sdmonly/sdmonly-a-5090/ck/w7_mq_d512_60M/test_per_window.npz	47208	1791035827	368a050d5ccbfea874515ff027b74873568c52c441afb84496b2175be611d7b7
vast-arrays	experiments/track4/sdmllm/runs_vast_sdmonly/sdmonly-a-5090/ck/w8_ctx1024_rt/test_per_window.npz	12216	1791039826	4abe38516a7b82d2399c3d0de9e7039f10fcc950cb40067f784e243f9e88f003
vast-arrays	experiments/track4/sdmllm/runs_vast_sdmonly/sdmonly-a-5090/ck/w8_ctx256_rt/test_per_window.npz	47208	1791035984	5e1b8ac5d1dc4bbd49394caca14e3e626044dac01a4b7e5afc55334d6b71fd3a
vast-arrays	experiments/track4/sdmllm/runs_vast_sdmonly/sdmonly-a-5090/ck/w8_ctx512_rt/test_per_window.npz	23904	1791036140	611fdec9274c655725368c9af240ddc3c5aa2900ee3f555710b32f5df41239df
vast-arrays	experiments/track4/sdmllm/runs_vast_sdmonly/sdmonly-b-a100/ck/p0_A_c/test_per_window.npz	47208	1791026894	96b2f7cd1b43bcdc62fc14a80fd6eab2b56de7bb065b2f0e78569b7220dde975
vast-arrays	experiments/track4/sdmllm/runs_vast_sdmonly/sdmonly-b-a100/ck/p0_A_dense/test_per_window.npz	47208	1791027620	1fdea5fb736eb247904e4c950ef01d2eaf905f96854b78a74dbbed8e180011cc
vast-arrays	experiments/track4/sdmllm/runs_vast_sdmonly/sdmonly-b-a100/ck/p0_A_h2/test_per_window.npz	47208	1791029414	0e182f378297e62afdcd4639a64642de8a3fc9f53f47552342bb5219b1fa8f9f
vast-arrays	experiments/track4/sdmllm/runs_vast_sdmonly/sdmonly-b-a100/ck/p0_A_h8/test_per_window.npz	47208	1791029767	3badb97d301aaaa71e4eebad5ba6f1bc9c1fd4c129519998f7cafc56d4e6eabf
vast-arrays	experiments/track4/sdmllm/runs_vast_sdmonly/sdmonly-b-a100/ck/p0_A_heads4/test_per_window.npz	47208	1791031422	4fbeea287474b163c9fb6adf8c95bd64af27129a91f95783c8804ace3c4966be
vast-arrays	experiments/track4/sdmllm/runs_vast_sdmonly/sdmonly-b-a100/ck/p0_A_k16/test_per_window.npz	47208	1791030623	e24caeed66d3e89da154870b13ef41d097986f690745b352d1e02abc0132af74
vast-arrays	experiments/track4/sdmllm/runs_vast_sdmonly/sdmonly-b-a100/ck/p0_A_k64/test_per_window.npz	47208	1791030970	4f33b062e80947cc063e18627528482face834613d708e754c64db3e5d7b0ba6
vast-arrays	experiments/track4/sdmllm/runs_vast_sdmonly/sdmonly-b-a100/ck/p0_A_lr1/test_per_window.npz	47208	1791028077	00111e389bb9942d0a2889dadb9c56b1cdd274d23d74531eb2c9744c22804a91
vast-arrays	experiments/track4/sdmllm/runs_vast_sdmonly/sdmonly-b-a100/ck/p0_A_lr10/test_per_window.npz	47208	1791028621	1925a85af664d9a6bafe961e71b63b6fa7f6ef2e38e7c7d8d0d1ceebe62fd62c
vast-arrays	experiments/track4/sdmllm/runs_vast_sdmonly/sdmonly-b-a100/ck/p0_A_lr6/test_per_window.npz	47208	1791028347	858a8732637b76334af6144289c254d22fb97e57d2df5a50fc88668298e5dc54
vast-arrays	experiments/track4/sdmllm/runs_vast_sdmonly/sdmonly-b-a100/ck/p0_A_n128/test_per_window.npz	47208	1791030034	08513e743c9acbe454fd98b80d09c26cb702107503419b30032bd5ac302f86b1
vast-arrays	experiments/track4/sdmllm/runs_vast_sdmonly/sdmonly-b-a100/ck/p0_A_n512/test_per_window.npz	47208	1791030365	ad4e958045d9d9b912103f8923d439f28f731a6a1008a6550ad5379081c2a8aa
vast-arrays	experiments/track4/sdmllm/runs_vast_sdmonly/sdmonly-b-a100/ck/p0_A_none/test_per_window.npz	47208	1791027432	f0f232c5feeaf1ff8a83df963ec566865ec712f5c9efe160f24b10a935105677
vast-arrays	experiments/track4/sdmllm/runs_vast_sdmonly/sdmonly-b-a100/ck/p0_A_qg1/test_per_window.npz	47208	1791032248	3284faed26aeb37d05f46854b627d1115e35da8bb2454f05687210918fd6b327
vast-arrays	experiments/track4/sdmllm/runs_vast_sdmonly/sdmonly-b-a100/ck/p0_A_ro/test_per_window.npz	47208	1791032537	2c9ecdd53321f894123fe476bf0859be7833578eca6006a6d6f599bd9fb8a4dc
vast-arrays	experiments/track4/sdmllm/runs_vast_sdmonly/sdmonly-b-a100/ck/p0_A_share/test_per_window.npz	47208	1791031701	16ab9c21cb3accf3fd75703f53f8441d16b0dbd3052067463c780bef3e121d66
vast-arrays	experiments/track4/sdmllm/runs_vast_sdmonly/sdmonly-b-a100/ck/p0_A_slr1/test_per_window.npz	47208	1791028898	d7853a46e4d81c7966c0149adf55d93ea3b321fafd1ab5b26fbd6f98de811bd5
vast-arrays	experiments/track4/sdmllm/runs_vast_sdmonly/sdmonly-b-a100/ck/p0_A_slr10/test_per_window.npz	47208	1791029173	fe192de803894a746756e2149f37f8debcc205fafdb7d1adc97f5846513d233a
vast-arrays	experiments/track4/sdmllm/runs_vast_sdmonly/sdmonly-b-a100/ck/p0_A_soft5/test_per_window.npz	47208	1791031973	e146baffb82100df02262ac675fec3ff62d3c93743bc4495e8dec639ad50e881
vast-arrays	experiments/track4/sdmllm/runs_vast_sdmonly/sdmonly-b-a100/ck/p0_A_wd/test_per_window.npz	47208	1791033089	86ec39c22ca22e6fee419db848ba62a01f6b58ec7a12ccc6bcd40bbe105ebe0c
vast-arrays	experiments/track4/sdmllm/runs_vast_sdmonly/sdmonly-b-a100/ck/p0_A_wsd/test_per_window.npz	47208	1791032812	2fb5f63b642ad531620299fa5955cd3fe78b8ffdc09e82d503d5518fa1960a09
vast-arrays	experiments/track4/sdmllm/runs_vast_sdmonly/sdmonly-b-a100/ck/p0_R_N/test_per_window.npz	47208	1791027246	ab09b1a92188793b36877bc5958e06050bd72077cc53e621632dc19c5186373f
vast-arrays	experiments/track4/sdmllm/runs_vast_sdmonly/sdmonly-b-a100/ck/p0_R_Q/test_per_window.npz	47208	1791027817	0133916182f403f52f582aa2302370f4fe7b7391de98a0ed91834f7f3a22208d
vast-arrays	experiments/track4/sdmllm/runs_vast_sdmonly/sdmonly-b-a100/ck/p0_R_S/test_per_window.npz	47208	1791027051	f691684d36c4e6c07d2ce9d11d3ea73803ae54dda4ca1e77a1c75357bdd791eb
vast-arrays	experiments/track4/sdmllm/runs_vast_sdmonly/sdmonly-b-a100/ck/sz_d256_60M/test_per_window.npz	47208	1791026234	5fafc003fd259500b4582e77d3d92546598e9a734743bcb605ffce87a5a73c5b
vast-arrays	experiments/track4/sdmllm/runs_vast_sdmonly/sdmonly-b-a100/ck/sz_d384_20M/test_per_window.npz	47208	1791026593	d08cbf67bed7fc1bd93e5cdeb9740a16a305abc9e9e59a894e08b8160e44ce45
vast-arrays	experiments/track4/sdmllm/runs_vast_sdmonly/sdmonly-b-a100/ck/w7_ch_60M/test_per_window.npz	47208	1791035622	4613928018b6bfc150325143723cb876fa2946345e34b3c9f1cfaf5f9f25cfed
vast-arrays	experiments/track4/sdmllm/runs_vast_sdmonly/sdmonly-b-a100/ck/w7_mq_60M/test_per_window.npz	47208	1791036209	6c95c4cf9f89e57e422bdd7cf1e9a1a5c07eefa490454ea7c0809d55f34b3ba0
vast-arrays	experiments/track4/sdmllm/runs_vast_sdmonly/sdmonly-b-a100/ck/w8_ctx1024/test_per_window.npz	12216	1791039871	cc77587e70781acda9b5c36ef4f11ca218fbfe7a834fbdaffb05bbee95aa87b0
vast-arrays	experiments/track4/sdmllm/runs_vast_sdmonly/sdmonly-b-a100/ck/w8_ctx1024_mq/test_per_window.npz	12216	1791039897	74b955ff506450b590c34b65ca12519d6175183857290b6aead8a0b0a8ae9c8d
vast-arrays	experiments/track4/sdmllm/runs_vast_sdmonly/sdmonly-b-a100/ck/w8_ctx512/test_per_window.npz	23904	1791036516	fdbd091c2f39fa9783b6200323f020498c52d57d7c695859a2346cec0ff45c9b
vast-arrays	experiments/track4/sdmllm/runs_vast_sdmonly/sdmonly-c-pro6000/ck/p0_A_c/test_per_window.npz	47208	1791026946	81c1f67f38241f24503ba0042fd2bb1e1bb67e6383d5a43407911542fc6b91da
vast-arrays	experiments/track4/sdmllm/runs_vast_sdmonly/sdmonly-c-pro6000/ck/sz_d1024_20M/test_per_window.npz	47208	1791026451	50e8365632e946c6bb95f2c12387929c82c0caf219c612d905e95f498143f24a
vast-arrays	experiments/track4/sdmllm/runs_vast_sdmonly/sdmonly-c-pro6000/ck/sz_d768_20M/test_per_window.npz	47208	1791026971	b40f469f89533611f47e346cb3590727d017470042be4e02a4d9ab35fd69c2c1
vast-arrays	experiments/track4/sdmllm/runs_vast_sdmonly/sdmonly-c-pro6000/ck/sz_d768_60M/test_per_window.npz	47208	1791026147	ace5d22b5ec31f49b9088f93902ba60532ec8433a9bce90ae93dba0484ee9e12
vast-arrays	experiments/track4/sdmllm/runs_vast_sdmonly/sdmonly-c-pro6000/ck/vw_v129k/test_per_window.npz	47208	1791027155	2990fd536869b9863b2651daa50307176bdf11d9af2dc857112ad61b62fb18d3
vast-arrays	experiments/track4/sdmllm/runs_vast_sdmonly/sdmonly-c-pro6000/ck/vw_v16k/test_per_window.npz	52032	1791027435	29feb9bbf50614e7f4fa3fcbb51ba56788ed50bdf101a3a36c67854cff08704c
vast-arrays	experiments/track4/sdmllm/runs_vast_sdmonly/sdmonly-c-pro6000/ck/vw_v32k/test_per_window.npz	48720	1791027354	22fd555061f55c2510dec7f162a3c706a8dd326402fa2e257a555d5886130f39
vast-arrays	experiments/track4/sdmllm/runs_vast_sdmonly/sdmonly-c-pro6000/ck/vw_v65k/test_per_window.npz	46788	1791027262	76254a9c52a491c78acf97ecb3e1df803cd8425611f2aa04f2b53ff1a04d609a
vast-arrays	experiments/track4/sdmllm/runs_vast_sdmonly/sdmonly-c-pro6000/ck/w2_B128/test_per_window.npz	47208	1791028934	570ccbbf94ed9dcdefde7c5a4dcbf31c3a498c7f6f3e4aeae727903d91aa6a81
vast-arrays	experiments/track4/sdmllm/runs_vast_sdmonly/sdmonly-c-pro6000/ck/w2_B64/test_per_window.npz	47208	1791028792	c1487df2f666618955b11c6e3443341f9d6e1ba66b1206c83104d64602f17562
vast-arrays	experiments/track4/sdmllm/runs_vast_sdmonly/sdmonly-c-pro6000/ck/w2_conj2/test_per_window.npz	47208	1791028014	2adf46f1e78063b604139f1ba68f79b912b53685d518cb19791d38a1c3523d1a
vast-arrays	experiments/track4/sdmllm/runs_vast_sdmonly/sdmonly-c-pro6000/ck/w2_conj3/test_per_window.npz	47208	1791028152	a658482094232acc17b0f397acc206503fefa3131a115e360c0c0aba518aaca7
vast-arrays	experiments/track4/sdmllm/runs_vast_sdmonly/sdmonly-c-pro6000/ck/w2_hopmlp/test_per_window.npz	47208	1791027728	bf0617c2cf7274acefc66c2453ef6f78caff151cd81c287e5745d91ac0bfc0b7
vast-arrays	experiments/track4/sdmllm/runs_vast_sdmonly/sdmonly-c-pro6000/ck/w2_muon/test_per_window.npz	47208	1791029066	83b9e831bee3c3a7818bb72d1b71a43da22c5c5c89dc734d36b06ffbf04f3eb8
vast-arrays	experiments/track4/sdmllm/runs_vast_sdmonly/sdmonly-c-pro6000/ck/w2_nb16/test_per_window.npz	47208	1791028297	41833101563b81eb350cf46f17600d8e83186b7489e17492473b6051923a1128
vast-arrays	experiments/track4/sdmllm/runs_vast_sdmonly/sdmonly-c-pro6000/ck/w2_nb16_none/test_per_window.npz	47208	1791028400	e523b54fcd8fbaa44a9d5a99537720fac99e9b882cc54db5324f63ea7d7ec329
vast-arrays	experiments/track4/sdmllm/runs_vast_sdmonly/sdmonly-c-pro6000/ck/w2_ng/test_per_window.npz	47208	1791027876	52d848916ed7512dd3f9f4b61481e75d5da34679e75a5050445a61d71985127c
vast-arrays	experiments/track4/sdmllm/runs_vast_sdmonly/sdmonly-c-pro6000/ck/w2_ro_hop/test_per_window.npz	47208	1791029340	41a20f11f3567fd15e38221e1db794ee725bd23e4c7bb6526f9b82fcd4f96a19
vast-arrays	experiments/track4/sdmllm/runs_vast_sdmonly/sdmonly-c-pro6000/ck/w2_slr30/test_per_window.npz	47208	1791028523	49245ea230618712487c8dcd888b6a016f43aac1f9b8d83a77011c8ed642c6fb
vast-arrays	experiments/track4/sdmllm/runs_vast_sdmonly/sdmonly-c-pro6000/ck/w2_slr60/test_per_window.npz	47208	1791028652	cface604a3946d5f4d267eca3f2275b0cdf8a08a89874a749d7eb0814c7d19e6
vast-arrays	experiments/track4/sdmllm/runs_vast_sdmonly/sdmonly-c-pro6000/ck/w2_sparse/test_per_window.npz	47208	1791029198	f53b4bae24c8e989f59b70f0d65afc123442fdd272b17648c55393e52a537863
vast-arrays	experiments/track4/sdmllm/runs_vast_sdmonly/sdmonly-c-pro6000/ck/w2_untie/test_per_window.npz	47208	1791027583	25ebf911b66f90798ee40f108f49c3ee880dfa38acf81edffab44e36833184dd
vast-arrays	experiments/track4/sdmllm/runs_vast_sdmonly/sdmonly-c-pro6000/ck/w5_combo/test_per_window.npz	47208	1791030107	0b1db2a116e94c90466eefc3b278c102302668acfaf6b4faa607deb9c225eeba
vast-arrays	experiments/track4/sdmllm/runs_vast_sdmonly/sdmonly-c-pro6000/ck/w5_combo_gr/test_per_window.npz	47208	1791030494	7969f11db680e977565c5cd24275a4f20efaae4457bb19725c203289a94e2e48
vast-arrays	experiments/track4/sdmllm/runs_vast_sdmonly/sdmonly-c-pro6000/ck/w5_combo_ng/test_per_window.npz	47208	1791030651	56d500bed94739958e5128936648caa78afc31cf3f5e3d04f33bdfdc79cbc655
vast-arrays	experiments/track4/sdmllm/runs_vast_sdmonly/sdmonly-c-pro6000/ck/w5_combo_none/test_per_window.npz	47208	1791030215	0ebb563bd27ff37e3eea19a2e391dec209584ffc7008544f473821d0ef9b01be
vast-arrays	experiments/track4/sdmllm/runs_vast_sdmonly/sdmonly-c-pro6000/ck/w5_gr/test_per_window.npz	47208	1791030344	86cda597c6dd0c987015046867e99b34febb70d4156da8c3309f14d049961e73
vast-arrays	experiments/track4/sdmllm/runs_vast_sdmonly/sdmonly-c-pro6000/ck/w5_gr_qg1/test_per_window.npz	47208	1791029480	6de4cb904dd019510b6f754c1e59bab564b254c2bb80890152a5b803f2e7e637
vast-arrays	experiments/track4/sdmllm/runs_vast_sdmonly/sdmonly-c-pro6000/ck/w5_gr_qg1_h8/test_per_window.npz	47208	1791031000	90e0fbe8f53d3a32d467cb87e3b43619d0f77c7646269ef946f676aaa19153a3
vast-arrays	experiments/track4/sdmllm/runs_vast_sdmonly/sdmonly-c-pro6000/ck/w5_gr_qg1_k64/test_per_window.npz	47208	1791030818	2b8511aad716dcedfee2feb45ad44be60a2d6c54411f0b20624729fba4397ff6
vast-arrays	experiments/track4/sdmllm/runs_vast_sdmonly/sdmonly-c-pro6000/ck/w5_gr_qg1_slr1/test_per_window.npz	47208	1791031136	a08e52e486e15e436c91f3a0ee0e5e1c499b80adca838595985b0776030dd9ec
vast-arrays	experiments/track4/sdmllm/runs_vast_sdmonly/sdmonly-c-pro6000/ck/w7_ch_v129k/test_per_window.npz	47208	1791035191	69982dc9637f31520f0938b9371a753a71cd90388313f5a0c95a9afe0a03f9cb
vast-arrays	experiments/track4/sdmllm/runs_vast_sdmonly/sdmonly-c-pro6000/ck/w7_ch_v32k/test_per_window.npz	48720	1791035041	906062e8ec3b243e9a59e41f754ae258e987efbb62f1506d69f09d9a6d3e5e73
vast-arrays	experiments/track4/sdmllm/runs_vast_sdmonly/sdmonly-c-pro6000/ck/w7_mq_v32k/test_per_window.npz	48720	1791035259	3e97684bb4028c82acb5afedfc7e185ab32e65a52b6378bb08b13f893d7dd851
vast-arrays	experiments/track4/sdmllm/runs_vast_sdmonly/sdmonly-c-pro6000/ck/w7r_ch_v129k/test_per_window.npz	47208	1791036306	9ac1fd4708cd3b0c549ff347858a57aaeb327c5459c4d53b915bb07bbfb9f530
vast-arrays	experiments/track4/sdmllm/runs_vast_sdmonly/sdmonly-c-pro6000/ck/w7r_mq_v129k/test_per_window.npz	47208	1791036481	e8d00ac61168f11bf5251099703614dafd16b0f248f3a396c841fdbb1c3df5b1
vast-arrays	experiments/track4/sdmllm/runs_vast_sdmonly/sdmonly-c-pro6000/ck/w7r_mq_v32k/test_per_window.npz	48720	1791036375	1949cccbefe7bcdaf458635182c83cc4a5d4d4e94d516232be6f448193b3ef55
vast-arrays	experiments/track4/sdmllm/runs_vast_sdmonly/sdmonly-d-4x5090/ck/c60_A_c/test_per_window.npz	47208	1791029342	dfb0206cf190284c034676b5fe64ba10330db77153b7d9b4b708370108b7785d
vast-arrays	experiments/track4/sdmllm/runs_vast_sdmonly/sdmonly-d-4x5090/ck/c60_A_dense/test_per_window.npz	47208	1791029273	65a8bf42c36a7af4bdfe73f523122c89c08bed7d418e5a9265253859369ad2d0
vast-arrays	experiments/track4/sdmllm/runs_vast_sdmonly/sdmonly-d-4x5090/ck/c60_A_none/test_per_window.npz	47208	1791029237	8fd4636d74bec62ba4d5c5a889553186f722f5191ace3867cf5c449b442df1c0
vast-arrays	experiments/track4/sdmllm/runs_vast_sdmonly/sdmonly-d-4x5090/ck/c60_R_N/test_per_window.npz	47208	1791029599	488de7d0be6998468f8082e65a67178f060b5209daea78c70aad6267de3ffc52
vast-arrays	experiments/track4/sdmllm/runs_vast_sdmonly/sdmonly-d-4x5090/ck/c60_R_Q/test_per_window.npz	47208	1791029524	a767201f6c3d8c376e35b3558fdb9ef37ec8d63d48b2882fe851cd3f0943e461
vast-arrays	experiments/track4/sdmllm/runs_vast_sdmonly/sdmonly-d-4x5090/ck/c60_R_S/test_per_window.npz	47208	1791029319	a12cfb5054b07c321e43eecf91ca2658222fcefb844a9668e1c86d547be12d46
vast-arrays	experiments/track4/sdmllm/runs_vast_sdmonly/sdmonly-d-4x5090/ck/p0_A_h2_s1/test_per_window.npz	47208	1791029661	9f157260312e46bcc129755a32048a5ad375013327db3607674322bbe27a4a81
vast-arrays	experiments/track4/sdmllm/runs_vast_sdmonly/sdmonly-d-4x5090/ck/p0_A_h8_s1/test_per_window.npz	47208	1791029764	5d7e19c809bed045c19679a7c7985373f334e34dbf08faab80b3a3f80f7cb27e
vast-arrays	experiments/track4/sdmllm/runs_vast_sdmonly/sdmonly-d-4x5090/ck/p0_A_heads4_s1/test_per_window.npz	47208	1791030200	b7e3340014ef306916aae178d6f43c6bce63547e1854afecbc3e6220943240ed
vast-arrays	experiments/track4/sdmllm/runs_vast_sdmonly/sdmonly-d-4x5090/ck/p0_A_k16_s1/test_per_window.npz	47208	1791029812	d0ae83650a1d5e4420eff11374a9c9e0a17f2a372a8fceb7badfec61883a6c37
vast-arrays	experiments/track4/sdmllm/runs_vast_sdmonly/sdmonly-d-4x5090/ck/p0_A_k64_s1/test_per_window.npz	47208	1791029947	62cee5c803c872ec2b15288c224c34e372cf8eff0eb2022b96e94dca9e1321ce
vast-arrays	experiments/track4/sdmllm/runs_vast_sdmonly/sdmonly-d-4x5090/ck/p0_A_lr10_s1/test_per_window.npz	47208	1791029565	7549e645846627a4fa7cadf07f712867c1eab7db2cbdc03bd3198e887a31522f
vast-arrays	experiments/track4/sdmllm/runs_vast_sdmonly/sdmonly-d-4x5090/ck/p0_A_lr1_s1/test_per_window.npz	47208	1791029661	31ac987337a27d09d49d6096eda279c183a7c5c3039ca8328cb536e90d84a385
vast-arrays	experiments/track4/sdmllm/runs_vast_sdmonly/sdmonly-d-4x5090/ck/p0_A_lr6_s1/test_per_window.npz	47208	1791029524	a8b10997b6f084003d136c2970d0610d95fb32a283a13b250cb5da9a2c34103f
vast-arrays	experiments/track4/sdmllm/runs_vast_sdmonly/sdmonly-d-4x5090/ck/p0_A_n128_s1/test_per_window.npz	47208	1791029984	16a7f9cfed5e20b4e0c10128db09bf61248a0cef8620debeb6b63d1fe34f9604
vast-arrays	experiments/track4/sdmllm/runs_vast_sdmonly/sdmonly-d-4x5090/ck/p0_A_n512_s1/test_per_window.npz	47208	1791030017	7f80c9f3a1257169faf60f276c95f9406ca4b99bcb4e7721a212d1e7e609e960
vast-arrays	experiments/track4/sdmllm/runs_vast_sdmonly/sdmonly-d-4x5090/ck/p0_A_qg1_s1/test_per_window.npz	47208	1791030107	78d100bb71166c7735820af9e1a0ff1e269df9a6347c3a0a5283d70ead4f5eb0
vast-arrays	experiments/track4/sdmllm/runs_vast_sdmonly/sdmonly-d-4x5090/ck/p0_A_ro_s1/test_per_window.npz	47208	1791030364	13c387f0996f3a9cf6cde50d85b4931dfe890ae043b9cff401129c36ef1c6915
vast-arrays	experiments/track4/sdmllm/runs_vast_sdmonly/sdmonly-d-4x5090/ck/p0_A_share_s1/test_per_window.npz	47208	1791030164	fa102b904661bc89d537eb3c928975021e28cc71ab1df386609b229be75b7607
vast-arrays	experiments/track4/sdmllm/runs_vast_sdmonly/sdmonly-d-4x5090/ck/p0_A_slr10_s1/test_per_window.npz	47208	1791029806	b2b091bd9a3422731680f6e33aac6574ddaf6b1c57fe2f4a4ff265b3eb044727
vast-arrays	experiments/track4/sdmllm/runs_vast_sdmonly/sdmonly-d-4x5090/ck/p0_A_slr1_s1/test_per_window.npz	47208	1791029841	2f3235bd0324d8301e8781a58436742c8b7b1e9efc4ac9b135f8dd7228dd7db3
vast-arrays	experiments/track4/sdmllm/runs_vast_sdmonly/sdmonly-d-4x5090/ck/p0_A_soft5_s1/test_per_window.npz	47208	1791029970	2661c07805b3d19b33740c2efd92b7f4a57b481687f2c7bf384a5b841a276841
vast-arrays	experiments/track4/sdmllm/runs_vast_sdmonly/sdmonly-d-4x5090/ck/p0_A_wd_s1/test_per_window.npz	47208	1791030117	0de42202286b8d405f8598bc9becef9b22cbb6a442971670c11edc14075a9d8e
vast-arrays	experiments/track4/sdmllm/runs_vast_sdmonly/sdmonly-d-4x5090/ck/p0_A_wsd_s1/test_per_window.npz	47208	1791030309	4c8d384377d6575c33b699211bcca54e758aa9ee63bff3eafcd4f3d62a9e26cb
vast-arrays	experiments/track4/sdmllm/runs_vast_sdmonly/sdmonly-d-4x5090/ck/p0_R_N_s1/test_per_window.npz	47208	1791029429	89f81aab6b7a0d0af99d93eba776b9ebb5ce7bdafdc3db41a85200f9fd424523
vast-arrays	experiments/track4/sdmllm/runs_vast_sdmonly/sdmonly-d-4x5090/ck/p0_R_Q_s1/test_per_window.npz	47208	1791029705	c034c1e8da99317b3382eed67232b40f59e57c5dc1bf7faaad79829e78e72f4a
vast-arrays	experiments/track4/sdmllm/runs_vast_sdmonly/sdmonly-d-4x5090/ck/p0_R_S_s1/test_per_window.npz	47208	1791029381	55e50c1f449c839614e5c5f9197d9ac4b088603ebfba3e47bfd2d95537b69d1e
vast-arrays	experiments/track4/sdmllm/runs_vast_sdmonly/sdmonly-d-4x5090/ck/w10_cn_B128_200M/test_per_window.npz	47208	1791047252	fdcd1243d51961f15849077bca0451913fe9b40ede4b2c72f0101ece0da89625
vast-arrays	experiments/track4/sdmllm/runs_vast_sdmonly/sdmonly-d-4x5090/ck/w10_cn_B256_200M/test_per_window.npz	47208	1791047242	764c266beb73a360b4d7745008bf257e406e72765db7c7cd73f1a637723d7c6e
vast-arrays	experiments/track4/sdmllm/runs_vast_sdmonly/sdmonly-d-4x5090/ck/w10_cn_B64_200M/test_per_window.npz	47208	1791045606	d2eaccba27b3fdab6e3c1afd0779164061be7b68f5a4b9a8f0ad11f07586eee3
vast-arrays	experiments/track4/sdmllm/runs_vast_sdmonly/sdmonly-d-4x5090/ck/w10_cn_T1024_200M/test_per_window.npz	12216	1791040607	df509e8811804c186c39ce16fa2cb153116cad742e4d916d9fbcb8ee76d66a0b
vast-arrays	experiments/track4/sdmllm/runs_vast_sdmonly/sdmonly-d-4x5090/ck/w10_cn_mix4_200M/test_per_window.npz	47208	1791042868	a533f2317e07f2c6ac4a226285fab3ae9e4d5bd809dcb704763d040f4910d56c
vast-arrays	experiments/track4/sdmllm/runs_vast_sdmonly/sdmonly-d-4x5090/ck/w10_cn_mix4_T1024_200M/test_per_window.npz	12216	1791044167	eec9f599607d3e57e2c80e836d6539e7c0dc864ae1f7dee15bbbe48b628d7c68
vast-arrays	experiments/track4/sdmllm/runs_vast_sdmonly/sdmonly-d-4x5090/ck/w10_cn_mix4_nofade_200M/test_per_window.npz	47208	1791043077	d8762fd81d0a0fce63de62ba81ce5aae64cbbbace5a4515848047d8e0cadb844
vast-arrays	experiments/track4/sdmllm/runs_vast_sdmonly/sdmonly-d-4x5090/ck/w10_mq_B128_200M/test_per_window.npz	47208	1791047273	464c32b1c1dbb7da37b1e7b71e5427d831d4d69bf983c8d450eaff37afa21c56
vast-arrays	experiments/track4/sdmllm/runs_vast_sdmonly/sdmonly-d-4x5090/ck/w10_mq_B64_200M/test_per_window.npz	47208	1791047357	6d9b264b328f09c0a5a11fbe8b6b8e4aef09af9cff51f5e739bb4fa6cc96b7f2
vast-arrays	experiments/track4/sdmllm/runs_vast_sdmonly/sdmonly-d-4x5090/ck/w10_mq_T1024_200M/test_per_window.npz	12216	1791042019	c8c7e55539d91a8256f41708d0a5cc95c15f1507c3bf03d9b402647d60eefb8b
vast-arrays	experiments/track4/sdmllm/runs_vast_sdmonly/sdmonly-d-4x5090/ck/w10_mq_T1024_B16_200M/test_per_window.npz	12216	1791045670	caccdd731ce8649a87f0e0e6d58837429bf91d8dbaeef8bbf45c9e411302e703
vast-arrays	experiments/track4/sdmllm/runs_vast_sdmonly/sdmonly-d-4x5090/ck/w10_mq_T16384_200M/test_per_window.npz	1236	1791044688	c11e0e085b9aee5239a4fba12aee195ad069e1dc6400ca27e54345df0380e5dd
vast-arrays	experiments/track4/sdmllm/runs_vast_sdmonly/sdmonly-d-4x5090/ck/w10_mq_T16384_200M_s1/test_per_window.npz	1236	1791045785	7f67c29c822f6df8b7f4aecbe5183aa5c5c6a6542b6a8b8652b1540d6084a773
vast-arrays	experiments/track4/sdmllm/runs_vast_sdmonly/sdmonly-d-4x5090/ck/w10_mq_T4096_200M/test_per_window.npz	3432	1791044072	6a33dd0313f70153001dfca42d8e31b35a1ee90c9a16199d119f612ec1e02355
vast-arrays	experiments/track4/sdmllm/runs_vast_sdmonly/sdmonly-d-4x5090/ck/w10_mq_T4096_B4_200M/test_per_window.npz	3432	1791045693	6b74f90f873be43325e360e5433864aecf966e8c89c8ff0fb2ebf202c8d90102
vast-arrays	experiments/track4/sdmllm/runs_vast_sdmonly/sdmonly-d-4x5090/ck/w7_ch_200M/test_per_window.npz	47208	1791036153	3970893f4cd4e1fcac7154878f5bfc4031a67726f71d5c8714d43ed86b1709ba
vast-arrays	experiments/track4/sdmllm/runs_vast_sdmonly/sdmonly-d-4x5090/ck/w7_ch_B64/test_per_window.npz	47208	1791036440	c0961d922fb84fd15160aab1b39c00c655b64dfb79c28e69abe99920df6f0b96
vast-arrays	experiments/track4/sdmllm/runs_vast_sdmonly/sdmonly-d-4x5090/ck/w7_ch_none_200M/test_per_window.npz	47208	1791035798	db5b8be1358c95d8270c14532ea9db2820af7d9df25c38d453cadcc8853b8322
vast-arrays	experiments/track4/sdmllm/runs_vast_sdmonly/sdmonly-d-4x5090/ck/w7_ch_nong/test_per_window.npz	47208	1791035959	1e776105b602353a45b5de3e5c0cba5a4014d0bb5753f276be1cb528a7c93cee
vast-arrays	experiments/track4/sdmllm/runs_vast_sdmonly/sdmonly-d-4x5090/ck/w7_ch_rt8/test_per_window.npz	47208	1791036502	6de91ea4dcd20baf815c695ff41b9e7ee46d4355204b53e46a4ef89755960a1e
vast-arrays	experiments/track4/sdmllm/runs_vast_sdmonly/sdmonly-d-4x5090/ck/w7_ch_rt8_200M/test_per_window.npz	47208	1791036269	359b0ef5c252729da46424cd8e694e853639304780ed16e272a148d239a2efa6
vast-arrays	experiments/track4/sdmllm/runs_vast_sdmonly/sdmonly-d-4x5090/ck/w7_ch_s1/test_per_window.npz	47208	1791036319	f12b40191120d95c00436b09df47c39e23fa3119e5aa4f97fb0157b001af26db
vast-arrays	experiments/track4/sdmllm/runs_vast_sdmonly/sdmonly-d-4x5090/ck/w7_mq_200M/test_per_window.npz	47208	1791036090	483e525bb41a1888d0204dec870cb74fcbf5d3224c329ec973b0129f3a891e7f
vast-arrays	experiments/track4/sdmllm/runs_vast_sdmonly/sdmonly-d-4x5090/ck/w7_mq_20M/test_per_window.npz	47208	1791036235	50d1d70c929b1a894e1b9704d61de13910a4f8c398ab22afeecc3e4266b13f63
vast-arrays	experiments/track4/sdmllm/runs_vast_sdmonly/sdmonly-d-4x5090/ck/w7_mq_s1/test_per_window.npz	47208	1791036378	1ca433fbf03127b7a65aa6910c37bc0c072d29fdd9a02ad678b32acfe36dffb6
vast-arrays	experiments/track4/sdmllm/runs_vast_sdmonly/sdmonly-d-4x5090/ck/w9_mix2/test_per_window.npz	47208	1791037608	6a1be0b1b301955a1ec0f5327d4d735be6f220bd662f35b701fd9092c084ed78
vast-arrays	experiments/track4/sdmllm/runs_vast_sdmonly/sdmonly-d-4x5090/ck/w9_mix4/test_per_window.npz	47208	1791037637	a807cdae6bb07628795fa8c2f06d23e409b02fde5c785b8ada9ecc5822eb3ab9
vast-arrays	experiments/track4/sdmllm/runs_vast_sdmonly/sdmonly-d-4x5090/ck/w9_mix4_200M/test_per_window.npz	47208	1791039126	b14ffd19db28eea73e09429aa9d7ad2b26959d4b1e664ff2b5a530df330577bd
vast-arrays	experiments/track4/sdmllm/runs_vast_sdmonly/sdmonly-d-4x5090/ck/w9_mix4_T1024/test_per_window.npz	12216	1791039875	62e0c97ce07832bad94b48fb1c6df0895ed55958ca2c537c3b155fed91a89c51
vast-arrays	experiments/track4/sdmllm/runs_vast_sdmonly/sdmonly-d-4x5090/ck/w9_mix4_k64/test_per_window.npz	47208	1791037864	c37a389f91c8e6014dc2134b32a4f53549551e55d889c4ba4c5bc6f62f1b4ef2
vast-arrays	experiments/track4/sdmllm/runs_vast_sdmonly/sdmonly-d-4x5090/ck/w9_mix4_n128/test_per_window.npz	47208	1791037990	4bf86212a888f8d5a67e1b89c1df5b7cda43764d40febb6b2d26eee438b63b09
vast-arrays	experiments/track4/sdmllm/runs_vast_sdmonly/sdmonly-d-4x5090/ck/w9_mix4_nofade/test_per_window.npz	47208	1791039331	2880c420fa5f4365e5b8fd40f1f4133e706ec5a68453c256acef1a19dbfd3b53
vast-arrays	experiments/track4/sdmllm/runs_vast_sdmonly/sdmonly-d-4x5090/ck/w9_mix8/test_per_window.npz	47208	1791037979	b91a47410ede268a70ec42a5149a3f9bb68988fb4dfd8a88f72fbff08f0766e1
vast-weights	experiments/track4/sdmllm/runs_vast_sdmonly/sdmonly-e-2x5090/ck/true_cn_d1536_hm6144_hops16_2B/last.pt	8654646347	1791207604	19d0743b83811b1d9c59059dde9ace32a8e7f07a8d9c9ca06b0d18c264721430
vast-arrays	experiments/track4/sdmllm/runs_vast_sdmonly/sdmonly-e-2x5090/ck/true_cn_d1536_hm6144_hops16_2B/test_per_window.npz	47208	1791183365	db73d823e483f6c56b3bb95ee1ab6fb6f4c28b68eb64cda217f951aeb683afd5
vast-weights	experiments/track4/sdmllm/runs_vast_sdmonly/sdmonly-e-2x5090/ck/true_sdm_d1536_hm6144_hops16_2B/last.pt	1692860416	1791258698	eeb76f0aead63cbfd585d29c0fc0e923f77afddaa1b4f7fecb1573efbbe24739
vast-arrays	experiments/track4/sdmllm/runs_vast_sdmonly/sdmonly-e-2x5090/ck/true_sdm_d1536_hm6144_hops16_2B/test_per_window.npz	47208	1791256216	7af40fedc3af75bb4ed11dffe1ea821d4a96c26f5c31148803d12a4cf0463622
vast-arrays	experiments/track4/sdmllm/runs_vast_sdmonly/sdmonly-e-2x5090/ck/w11_cn_d1536_100M/test_per_window.npz	47208	1791063606	e67c04caf3a46ff1e67d6269c154d45bb9865163faca271199ea7c4cc8cce556
vast-arrays	experiments/track4/sdmllm/runs_vast_sdmonly/sdmonly-e-2x5090/ck/w11_cn_d256_100M/test_per_window.npz	47208	1791061957	e81f3ee424dfd2c8c0b5a9f5c591038695d27f662ebbc8d1a7b99eab07b98580
vast-arrays	experiments/track4/sdmllm/runs_vast_sdmonly/sdmonly-e-2x5090/ck/w11_cn_d512_100M/test_per_window.npz	47208	1791060857	6a65bc0851de503762700bc55debd1c3ebcf75907c0b2d3462cf4d4f44ae283d
vast-arrays	experiments/track4/sdmllm/runs_vast_sdmonly/sdmonly-e-2x5090/ck/w11_cn_d768_1600M/test_per_window.npz	47208	1791060225	3f0f775be2c5e58c3f1fff0f8cdb2d22047a139c2042a12cf39a043767cfd1bb
vast-arrays	experiments/track4/sdmllm/runs_vast_sdmonly/sdmonly-e-2x5090/ck/w11_mq_d1536_100M/test_per_window.npz	47208	1791062937	e304dbfa40fe198606cda4e84dfd4d6e7a3dc25849d5b25a5913589d594d45ea
vast-arrays	experiments/track4/sdmllm/runs_vast_sdmonly/sdmonly-e-2x5090/ck/w11_mq_d768_1600M/test_per_window.npz	47208	1791061525	0accd0f54a8558445777224cda2560f4e0f15ee6eccf2bd10b56591dcd83d53f
vast-arrays	experiments/track4/sdmllm/runs_vast_sdmonly/sdmonly-e-2x5090/ck/w13_cnmix_d512_T1024_400M/test_per_window.npz	12216	1791078374	57fb69b491067987cd43c368b72b8b1b69ebd075dad7403bf94f0f8c8e3e5473
vast-arrays	experiments/track4/sdmllm/runs_vast_sdmonly/sdmonly-e-2x5090/ck/w13_cnmix_d768_T1024_400M/test_per_window.npz	12216	1791080696	e0072f2de2cdb51d1c5f827690e3f07adc4c70c0f561dc1840949e6c6c77ca63
vast-arrays	experiments/track4/sdmllm/runs_vast_sdmonly/sdmonly-e-2x5090/ck/w24_cnmix_d512_T1024_B128_400M/test_per_window.npz	12216	1791090415	41723368d55c2c18e010f4861d9db59545c33dce401f6f244ad3302a373efd07
vast-arrays	experiments/track4/sdmllm/runs_vast_sdmonly/sdmonly-e-2x5090/ck/w27_cn_d1536_B512_400M/test_per_window.npz	47208	1791085566	e52bed096fa9e709b9efc09e43a23e4751ccf867755dfddaf32adffb23b82c18
vast-arrays	experiments/track4/sdmllm/runs_vast_sdmonly/sdmonly-e-2x5090/ck/w31_cn_d1536_B512_lrhalf_400M/test_per_window.npz	47208	1791090349	7b1c9813ddc5f13b76e538170c93a4f8db0a0c6e94c06cc45a03188e719fd9d1
vast-arrays	experiments/track4/sdmllm/runs_vast_sdmonly/sdmonly-e-2x5090/ck/w35_cn_d1536_B512_hm3072_hops8_400M/test_per_window.npz	47208	1791096663	9b1daa8b1147a929d9c86a3a141a73e5057141a457f2a4e82a8aa4e32a6875a3
vast-arrays	experiments/track4/sdmllm/runs_vast_sdmonly/sdmonly-e-2x5090/ck/w35_cn_d512_B512_400M/test_per_window.npz	47208	1791092509	8f13800177dfc557e97aea2880a50ed6d15ac139470828c4d334dba8dd04907e
vast-arrays	experiments/track4/sdmllm/runs_vast_sdmonly/sdmonly-e-2x5090/ck/w37_cn_d512_B512_hm3072_400M/test_per_window.npz	47208	1791095228	694db2bf1130610d420225dae118f6237813237dd4c8cc9dee1826deaa3791dc
vast-arrays	experiments/track4/sdmllm/runs_vast_sdmonly/sdmonly-e-2x5090/ck/w38_cn_d1536_B512_hm6144_hops16_400M/test_per_window.npz	47208	1791110496	728513652e9179589f7e81ecb08fe58ad56ffbf91ce287fd76cf6d9c234ad0b1
vast-arrays	experiments/track4/sdmllm/runs_vast_sdmonly/sdmonly-e-2x5090/ck/w38_cn_d1536_B512_hm6144_hops8_400M/test_per_window.npz	47208	1791106418	06aeea30521dd79f5107ee423dc2430fbd9c96856cd40b92f6ca979d2251065f
vast-arrays	experiments/track4/sdmllm/runs_vast_sdmonly/sdmonly-e-2x5090/ck/w41_cn_d1536_B512_hm3072_hops16_800M/test_per_window.npz	47208	1791122978	efdbff3cb8e27cebe4daa01ae491be2e79afd42595d7b82e4c07e61d9e1f0b09
vast-arrays	experiments/track4/sdmllm/runs_vast_sdmonly/sdmonly-e-2x5090/ck/w44_cn_d1024_B512_hm6144_hops16_800M/test_per_window.npz	47208	1791126467	790aa4d720f2c29652c0596acfb888640b3f6a069d2bd9455cea84561ca01153
vast-arrays	experiments/track4/sdmllm/runs_vast_sdmonly/sdmonly-e-2x5090/ck/w53_cn_d1536_B512_hm3072_hops32_400M/test_per_window.npz	47208	1791196005	40f05364b7d696375ac1452d4ffc35697fb55b9411291f925e108df1f26b33b7
vast-arrays	experiments/track4/sdmllm/runs_vast_sdmonly/sdmonly-e-2x5090/ck/w55_cn_d1024_B512_hm3072_hops96_400M/test_per_window.npz	47208	1791219985	dd5f2c4a44ef9a27adc8586592a72be2ca443a1fa03edb60f515979c7c4c6760
vast-arrays	experiments/track4/sdmllm/runs_vast_sdmonly/sdmonly-e-2x5090/ck/w56b_sdm_d1024_B512_hm3072_hops32_400M/test_per_window.npz	47208	1791253284	0605a33e0ba3353d4a8ec79757257fc0a2d9ccb390feababc5dc2dfc6b40aa66
vast-arrays	experiments/track4/sdmllm/runs_vast_sdmonly/sdmonly-e-2x5090/ck/w61_chat_cn_w256_100M/test_per_window.npz	47208	1791262776	3cc1198ba9965f31a911a7343a272e8f4ac11bb25bba465bbb20cf4d7ab8bdf0
vast-arrays	experiments/track4/sdmllm/runs_vast_sdmonly/sdmonly-e-2x5090/ck/w61_chat_sdm_w256_100M/test_per_window.npz	47208	1791266891	abd83d4b5506313ee1babe73496da4a9437800c1007f80fb39eed8a2c00467d7
vast-weights	experiments/track4/sdmllm/runs_vast_sdmonly/sdmonly-e-2x5090/slim/true_sdm_d1536_hm6144_hops16_2B.bf16.pt	350486528	1791276233	c07fd76e35bccdefcb2c5025a16500e92df104b40519eb1053c7782e2f2e3f7e
vast-weights	experiments/track4/sdmllm/runs_vast_sdmonly/sdmonly-f-2x5090/ck/true_cn_d1024_hm6144_hops16_2B/last.pt	5711070235	1791166129	f61cb986de6fb97de92df1472f840187b833102bf68cedd5e3d756d5708b41cc
vast-arrays	experiments/track4/sdmllm/runs_vast_sdmonly/sdmonly-f-2x5090/ck/true_cn_d1024_hm6144_hops16_2B/test_per_window.npz	47208	1791166145	e03ba0433b0ebc063c0f186eee2fdedd71c861e61115ac938a16f91f1a527bfd
vast-weights	experiments/track4/sdmllm/runs_vast_sdmonly/sdmonly-f-2x5090/ck/true_cn_d2048_hm6144_hops16_2B/last.pt	11656942811	1791214599	d4e4181f3f9cb03c030954deb355909013267934d2d28678a973a99bf39b71a6
vast-arrays	experiments/track4/sdmllm/runs_vast_sdmonly/sdmonly-f-2x5090/ck/true_cn_d2048_hm6144_hops16_2B/test_per_window.npz	47208	1791204246	9717b799e4c3952b527af862d2afe5ec2e1cf35ddeebae20cf4b7d14c289f45f
vast-arrays	experiments/track4/sdmllm/runs_vast_sdmonly/sdmonly-f-2x5090/ck/w11_cn_d1536_400M/test_per_window.npz	47208	1791063577	e5ccfbea11f2cf2d1f281675403b9aaec77fce7426b7a075b72ea756422bdb29
vast-arrays	experiments/track4/sdmllm/runs_vast_sdmonly/sdmonly-f-2x5090/ck/w11_cn_d512_1600M/test_per_window.npz	47208	1791055836	6fe4e70a98a1679032ad6955a7d92f698ad8a5f12322727e9e2130275267f569
vast-arrays	experiments/track4/sdmllm/runs_vast_sdmonly/sdmonly-f-2x5090/ck/w11_cn_d768_100M/test_per_window.npz	47208	1791056665	614c6b23095b97c4ba2d1615ec5e781e446cab18d0237e0a8048fd45b58983a4
vast-arrays	experiments/track4/sdmllm/runs_vast_sdmonly/sdmonly-f-2x5090/ck/w11_mq_d1536_400M/test_per_window.npz	47208	1791064324	5a44c1a30482f045664ecfcdd2315712234b7a8ae1654d43f2b5dbc2fc2aa5af
vast-arrays	experiments/track4/sdmllm/runs_vast_sdmonly/sdmonly-f-2x5090/ck/w11_mq_d256_100M/test_per_window.npz	47208	1791057655	092c7a7aa9dbc257766c10f4fc82e5c55a2783ac76b46a22cbc128f58c7ebe91
vast-arrays	experiments/track4/sdmllm/runs_vast_sdmonly/sdmonly-f-2x5090/ck/w11_mq_d512_1600M/test_per_window.npz	47208	1791057038	14d522c0af118b5527c3768015b36b44782c1dd712c942e36bb0081481dc3d2a
vast-arrays	experiments/track4/sdmllm/runs_vast_sdmonly/sdmonly-f-2x5090/ck/w13_cn_d2048_400M/test_per_window.npz	47208	1791073801	51f7268a378a9c2a8680e0ec103421ba5cabb2406b2c8cff021815ed4d91b6c1
vast-arrays	experiments/track4/sdmllm/runs_vast_sdmonly/sdmonly-f-2x5090/ck/w13_mq_d2048_400M/test_per_window.npz	47208	1791078676	c4475471cecbd7b1e9956b00b0318c523c65eaa6b468aa53884d384798ffdfe9
vast-arrays	experiments/track4/sdmllm/runs_vast_sdmonly/sdmonly-f-2x5090/ck/w20_mq_d1536_B128_400M/test_per_window.npz	47208	1791080781	50dcd7b51d2e020d9ae1ff1436e1ed080fbd84074299fbe566f9ed07fc5e38ea
vast-arrays	experiments/track4/sdmllm/runs_vast_sdmonly/sdmonly-f-2x5090/ck/w25_cn_d4096_B128_400M/test_per_window.npz	47208	1791106247	f395bf568108066efa7f43e9561e32a77ebf44ac5cb94d08e8f333136fbe29fc
vast-arrays	experiments/track4/sdmllm/runs_vast_sdmonly/sdmonly-f-2x5090/ck/w27_cn_d1536_B512_lr8x_400M/test_per_window.npz	47208	1791085382	de4766d8208f951bf98da976838c549bfe53495b9016b1f044c236e48f4dd5d5
vast-arrays	experiments/track4/sdmllm/runs_vast_sdmonly/sdmonly-f-2x5090/ck/w31_cn_d1536_B512_lrquarter_400M/test_per_window.npz	47208	1791090168	c043f26cf7d5fd7e4e521b9da2aad1f8e282e8b6d56f455817d1c040f2bd7104
vast-arrays	experiments/track4/sdmllm/runs_vast_sdmonly/sdmonly-f-2x5090/ck/w35_cn_d1536_B512_hm3072_400M/test_per_window.npz	47208	1791095656	ee112d188499e7ad1d793c10450be2bf544f702849455ed28da9e85fed94907e
vast-arrays	experiments/track4/sdmllm/runs_vast_sdmonly/sdmonly-f-2x5090/ck/w38_cn_d2048_B512_hm3072_hops8_400M/test_per_window.npz	47208	1791106946	b46c1d461f102dda3658c6f6e82bfbd7ca7af7b3ea97f7bd7ad0ef63af0a3542
vast-arrays	experiments/track4/sdmllm/runs_vast_sdmonly/sdmonly-f-2x5090/ck/w40_cn_d512_B512_hm3072_hops8_400M/test_per_window.npz	47208	1791108964	6619bbabfc0a0a247986eed7c1c8182ea2517f86a2b7e1135c817f93121d0b6d
vast-arrays	experiments/track4/sdmllm/runs_vast_sdmonly/sdmonly-f-2x5090/ck/w40_cn_d768_B512_hm3072_hops8_400M/test_per_window.npz	47208	1791110282	2f59e5517da0111c39c34da0855023b74bdba635ba71dea87067a15db3bbe39f
vast-arrays	experiments/track4/sdmllm/runs_vast_sdmonly/sdmonly-f-2x5090/ck/w43_cn_d1536_B512_hm3072_hops24_400M/test_per_window.npz	47208	1791118881	3d793ce6fff5f3f97fcee131f619356a69d01dece265cd8ff1df1d544df13f61
vast-arrays	experiments/track4/sdmllm/runs_vast_sdmonly/sdmonly-f-2x5090/ck/w44_cn_d768_B512_hm3072_hops8_1600M/test_per_window.npz	47208	1791123556	fefe25fb87d66e5a342bc1bc34e583316b012c2c8386f9b2f4a14c9f608ef4a1
vast-arrays	experiments/track4/sdmllm/runs_vast_sdmonly/sdmonly-f-2x5090/ck/w49_cn_d1024_B512_hm3072_hops32_400M/test_per_window.npz	47208	1791127827	17c54fcf9317af7caa5c713f2c4e626f115e076797f76083386e29d6c7629475
vast-arrays	experiments/track4/sdmllm/runs_vast_sdmonly/sdmonly-f-2x5090/ck/w53_cn_d1024_B512_hm3072_hops48_400M/test_per_window.npz	47208	1791178059	25bb25a68ded1e66d151302adc8460d349fc507a3eaea6446087ea36d7e994a5
vast-arrays	experiments/track4/sdmllm/runs_vast_sdmonly/sdmonly-f-2x5090/ck/w53_cn_d1024_B512_hm3072_hops64_400M/test_per_window.npz	47208	1791192826	b4c05f9baee1114ec00070f14fc4efe95dc0bd24132865a83a20429d27b6c26b
vast-arrays	experiments/track4/sdmllm/runs_vast_sdmonly/sdmonly-f-2x5090/ck/w54_mq_d1536_B512_2B/test_per_window.npz	47208	1791220078	1960d69ccacc089296a1c4848dbc415e3940670c31d44321ec945c53f81fdc28
vast-arrays	experiments/track4/sdmllm/runs_vast_sdmonly/sdmonly-f-2x5090/ck/w57_sdm_d1024_hm3072_hops16_400M/test_per_window.npz	47208	1791220279	72a3dc0aadd128a9786cf31e8522b9e731c015a2bdfe25a658589b38b53a6ceb
vast-arrays	experiments/track4/sdmllm/runs_vast_sdmonly/sdmonly-f-2x5090/ck/w58_cn_d1024_T4096_B32_hm3072_hops16_400M/test_per_window.npz	3432	1791228445	3677f6e017e74f3a1a61bd46a17a077d08e3c8c15c9185c61c0149722650e329
vast-arrays	experiments/track4/sdmllm/runs_vast_sdmonly/sdmonly-f-2x5090/ck/w58_sdm_d1024_T1024_B128_hm3072_hops16_400M/test_per_window.npz	12216	1791234304	8db3e95e06c4c29dca0a548a760899bcc2cf937b5c7151c1ff53ae2fd2434f58
vast-arrays	experiments/track4/sdmllm/runs_vast_sdmonly/sdmonly-g-2x5090/ck/w11_cn_d256_1600M/test_per_window.npz	47208	1791060655	9b60bba4767a999a5dc386a043fcadf1b1956ed1d037f7508e75beabfa7b51ea
vast-arrays	experiments/track4/sdmllm/runs_vast_sdmonly/sdmonly-g-2x5090/ck/w11_cn_d256_400M/test_per_window.npz	47208	1791064508	7f71882ee645e07683fef3815ff760e20cc9d30614555e41b7688c1fa786bcb7
vast-arrays	experiments/track4/sdmllm/runs_vast_sdmonly/sdmonly-g-2x5090/ck/w11_cn_d512_400M/test_per_window.npz	47208	1791070077	392d259d11409734191106445c3d91e16aea87d1e23a1aab345fb0bda3bb7a5f
vast-arrays	experiments/track4/sdmllm/runs_vast_sdmonly/sdmonly-g-2x5090/ck/w11_mq_d256_1600M/test_per_window.npz	47208	1791051733	f2075db10305d2eeaaa9d9e59c2a22d2ba2c630e426ad9847a6c62429af214ce
vast-arrays	experiments/track4/sdmllm/runs_vast_sdmonly/sdmonly-g-2x5090/ck/w11_mq_d512_100M/test_per_window.npz	47208	1791052384	a7fe8214a6999d93c8063945c94d007d5c84a77b8a61f5bee3af0c7694ee2cf5
vast-arrays	experiments/track4/sdmllm/runs_vast_sdmonly/sdmonly-g-2x5090/ck/w11_mq_d768_100M/test_per_window.npz	47208	1791053291	7db038565694a8d728e7f67a4c09384b378b9d0ed6e9ecadf7f95b989c40c966
vast-arrays	experiments/track4/sdmllm/runs_vast_sdmonly/sdmonly-g-2x5090/ck/w13_cnmix_d1024_T1024_200M/test_per_window.npz	12216	1791074729	461504a53341facf2866cb1f34285528a8f6d62269984d86b8642980489ac9f4
vast-arrays	experiments/track4/sdmllm/runs_vast_sdmonly/sdmonly-g-2x5090/ck/w16_mq_d256_B1024_400M/test_per_window.npz	47208	1791074924	4740457dd6409b5f9eba73427fd4946423d8870bae13a123544ff42602a51a6f
vast-arrays	experiments/track4/sdmllm/runs_vast_sdmonly/sdmonly-g-2x5090/ck/w20_cnmix_d1024_T1024_B32_400M/test_per_window.npz	12216	1791091282	8e909aa21969ac7ae029a917c4bfa87d8212d5c288a731ea35ad9f4febc109e7
vast-arrays	experiments/track4/sdmllm/runs_vast_sdmonly/sdmonly-i-2x5090/ck/w11_M1_nf_T1024/test_per_window.npz	12216	1791054181	0f63d7ace23dbeb3bd1278afcf589f1bddab1edbce523d2ef33c4f954d9bb77b
vast-arrays	experiments/track4/sdmllm/runs_vast_sdmonly/sdmonly-i-2x5090/ck/w11_M2_nf_T4096/test_per_window.npz	3432	1791064519	3a4e94b7d21a2665d8e89ec559574603be145c1b068d11f5bcce9a05c4a6fc36
vast-arrays	experiments/track4/sdmllm/runs_vast_sdmonly/sdmonly-i-2x5090/ck/w11_M3_nf_mix8/test_per_window.npz	47208	1791059908	8055f8135057fca2778f6b0c1d508d1e99e843de5b417dac505b835c90fb94f5
vast-arrays	experiments/track4/sdmllm/runs_vast_sdmonly/sdmonly-i-2x5090/ck/w11_cn_d768_400M/test_per_window.npz	47208	1791052073	e641c9ad821d75eaba34df51ea38e7031d9899f7d5983e5e8d65dc20e7f3825d
vast-arrays	experiments/track4/sdmllm/runs_vast_sdmonly/sdmonly-i-2x5090/ck/w13_cnmix_d256_T1024_800M/test_per_window.npz	12216	1791086221	230353b69b5114a4b49c17c580dd02cb463824fac4c1c55e308f558648d4fda2
vast-arrays	experiments/track4/sdmllm/runs_vast_sdmonly/sdmonly-i-2x5090/ck/w13_cnmix_d256_T2048_400M/test_per_window.npz	6360	1791091865	738845477f4665f52945b8d03a8ad077861a9bd1978a3e51c3396027bb81aa0d
vast-arrays	experiments/track4/sdmllm/runs_vast_sdmonly/sdmonly-i-2x5090/ck/w32_cnmix_d256_T1024_B128_400M/test_per_window.npz	12216	1791096242	b1c344e06c344775d933f50cccb88d04b7c2347de8ae957a8d122c8880292e87
vast-arrays	experiments/track4/sdmllm/runs_vast_sdmonly/sdmonly-i-2x5090/ck/w37_cn_d256_B512_hm3072_400M/test_per_window.npz	47208	1791094654	c8a13e2f1ac5c81d87a2d64066dee676d33b116a797835f6df87a3024fc3ba06
vast-arrays	experiments/track4/sdmllm/runs_vast_sdmonly/sdmonly-i-2x5090/ck/w38_cn_d1536_B512_hm3072_hops8_400M_s1/test_per_window.npz	47208	1791104993	cfa11caecb4866588142551789fb06a2e3ee81f7705c072326357a1346c0247c
vast-arrays	experiments/track4/sdmllm/runs_vast_sdmonly/sdmonly-i-2x5090/ck/w38_cn_d768_B512_hm3072_400M/test_per_window.npz	47208	1791101767	9094e85196ee6e02f76b1d29d50c27d5b3689709f81fa233c7b00abd9fc7ccaf
vast-arrays	experiments/track4/sdmllm/runs_vast_sdmonly/sdmonly-i-2x5090/ck/w39_mq_d1024_B512_800M/test_per_window.npz	47208	1791109948	63bf7bacfbde26e8c95960fb79c806fc4bca449ce1024be1b14d9c82474350af
vast-arrays	experiments/track4/sdmllm/runs_vast_sdmonly/sdmonly-i-2x5090/ck/w40_cn_d1024_B512_hm6144_hops16_400M/test_per_window.npz	47208	1791113957	a7194fbf4b857adc702b6e2a6fa78a8d4d4df559a9eb8febb2a896feaecb2ea4
vast-arrays	experiments/track4/sdmllm/runs_vast_sdmonly/sdmonly-i-2x5090/ck/w44_cnmix_d512_T1024_B128_hm3072_fade_400M/test_per_window.npz	12216	1791123310	05055e4223fea03c4847c1e060afaa742c948bd69447fbad5abf6ce427d1cdd8
vast-arrays	experiments/track4/sdmllm/runs_vast_sdmonly/sdmonly-i-2x5090/ck/w45_cn_d2048_B512_hm3072_hops16_400M/test_per_window.npz	47208	1791125283	84873f1b4ababcdc6ed224ecbaaf201deecf2a86946a4a052aa4b9ae7069d950
vast-arrays	experiments/track4/sdmllm/runs_vast_sdmonly/sdmonly-j-2x5090/ck/w11_M5_nf_k64/test_per_window.npz	47208	1791049631	a55f1dcb4cecf460a8a58e27c365a616e28e7aed9758255a01abb9438a444f64
vast-arrays	experiments/track4/sdmllm/runs_vast_sdmonly/sdmonly-j-2x5090/ck/w11_M6_nf_da128/test_per_window.npz	47208	1791049241	567633dfaf7fbfb6431e885803ff914a11d9b32b9e82110dd0f88985b2b2ebdc
vast-arrays	experiments/track4/sdmllm/runs_vast_sdmonly/sdmonly-j-2x5090/ck/w11_M7_nf_reads/test_per_window.npz	47208	1791053136	52143d39ab533b6a244a402481f0112130c6b58168c5363ae4022335f7369f30
vast-arrays	experiments/track4/sdmllm/runs_vast_sdmonly/sdmonly-j-2x5090/ck/w11_cn_d1024_1600M/test_per_window.npz	47208	1791065761	d6ddc72353a207dc84aa9718cc88a10a65859165c4a0bf46ea17577b305253c4
vast-arrays	experiments/track4/sdmllm/runs_vast_sdmonly/sdmonly-j-2x5090/ck/w11_mq_d1024_1600M/test_per_window.npz	47208	1791072518	c90bb7edecd5f3a7c9018a02b183cd394d986f891954c72d5b0ec17db86671f0
vast-arrays	experiments/track4/sdmllm/runs_vast_sdmonly/sdmonly-j-2x5090/ck/w14_mq_d256_B256_400M/test_per_window.npz	47208	1791069214	36a2b4a014f4271aafe69a8ca9dd2a651c3d0c51c99097d3147c4c2a2807f5f1
vast-arrays	experiments/track4/sdmllm/runs_vast_sdmonly/sdmonly-j-2x5090/ck/w16_cn_d256_B512_800M/test_per_window.npz	47208	1791073318	77d4d09c6d8a6d0a0973e13efa029ca2e532392740896ef1102ef51e3a0bb469
vast-arrays	experiments/track4/sdmllm/runs_vast_sdmonly/sdmonly-j-2x5090/ck/w19_cn_d256_B512_1600M/test_per_window.npz	47208	1791079083	8236c147759b4866cb89da6368813cfbd7adad0a2db9e0d405a9750f97872f7d
vast-arrays	experiments/track4/sdmllm/runs_vast_sdmonly/sdmonly-j-2x5090/ck/w19_mq_d256_B512_lr4x_400M/test_per_window.npz	47208	1791075400	252283f8f2621a6cd210f2040cd27cb8d11a708d9899cafe7063cf1698703008
vast-arrays	experiments/track4/sdmllm/runs_vast_sdmonly/sdmonly-j-2x5090/ck/w21_mq_d256_B512_lr4x_1600M/test_per_window.npz	47208	1791081103	33d50d679c139dade0849b1bda0571f07ba03ad9c55fabbb1833613499b8f7de
vast-arrays	experiments/track4/sdmllm/runs_vast_sdmonly/sdmonly-j-2x5090/ck/w25_cn_d1024_B512_1600M/test_per_window.npz	47208	1791091847	3aecb8e163b01616d31a67be5e3f996373f98be57f338b97ff1ad7ed91921b60
vast-arrays	experiments/track4/sdmllm/runs_vast_sdmonly/sdmonly-j-2x5090/ck/w29_cn_d1536_B512_lr4x_hm768_400M/test_per_window.npz	47208	1791086854	515e02ba45e423c9b6cad1cb1d2e09f96ae6d60821ec95dd21722f3748721c02
vast-arrays	experiments/track4/sdmllm/runs_vast_sdmonly/sdmonly-j-2x5090/ck/w33_cn_d1536_B512_hm768_400M/test_per_window.npz	47208	1791091794	52f8bc3ccb357cf1d26ff3b56f489a46c6c7fb071d6a0847ee82a0bb0a4245c3
vast-arrays	experiments/track4/sdmllm/runs_vast_sdmonly/sdmonly-j-2x5090/ck/w37_cn_d1024_B512_hm3072_400M/test_per_window.npz	47208	1791096710	ab51e0705544e77cbe617878514d82777e8613330cf4af13439a2bb2e73070be
vast-arrays	experiments/track4/sdmllm/runs_vast_sdmonly/sdmonly-j-2x5090/ck/w37_cn_d2048_B512_hm3072_400M/test_per_window.npz	47208	1791100081	06062d454081c10570736c6016414c8c0600c4213a6e0cc8d19e26e9036f7fef
vast-arrays	experiments/track4/sdmllm/runs_vast_sdmonly/sdmonly-j-2x5090/ck/w38_cn_d3072_B512_hm3072_hops8_400M/test_per_window.npz	47208	1791113378	ff1ad8bcc091e4c29f4463bb6a3887379b27458e061d7a4cf3e25acb2c0600af
vast-arrays	experiments/track4/sdmllm/runs_vast_sdmonly/sdmonly-j-2x5090/ck/w38_cnmix_d512_T1024_B128_hm3072_400M/test_per_window.npz	12216	1791110787	14d5899769a9244ae5ccc5105e1669203825e375fb9799cd5cde9eb39ac44227
vast-arrays	experiments/track4/sdmllm/runs_vast_sdmonly/sdmonly-j-2x5090/ck/w44_cnmix_d512_T1024_B128_hm3072_wd_400M/test_per_window.npz	12216	1791122949	ac42ff5905a6219fb4c9df7f6a9213702915251907a5e4ebc4d386c372b96ced
vast-arrays	experiments/track4/sdmllm/runs_vast_sdmonly/sdmonly-j-2x5090/ck/w45_cn_d1536_B512_hm6144_hops16_400M_s1/test_per_window.npz	47208	1791125586	490d8aa1af85739a3816d34d27d4c661bac81d3b8a9fc2702ad07d59db1a20e3
vast-arrays	experiments/track4/sdmllm/runs_vast_sdmonly/sdmonly-k-2x5090/ck/w11_M10_nf_s1/test_per_window.npz	47208	1791055649	0f26c031675b0340130bebc04af05c39f193d5587a5a65b8d0a1eead7156e963
vast-arrays	experiments/track4/sdmllm/runs_vast_sdmonly/sdmonly-k-2x5090/ck/w11_M11_cn_s1/test_per_window.npz	47208	1791048739	e4f0ddf72c0a8d6eb244b720ce180f29668c397da15c34738127f46c18c1d380
vast-arrays	experiments/track4/sdmllm/runs_vast_sdmonly/sdmonly-k-2x5090/ck/w11_M8_nf_T16384/test_per_window.npz	1236	1791052251	9d7066c53b1e52e138c42a567a04cc3eacb5b9abc3adcad941851ac730c79133
vast-arrays	experiments/track4/sdmllm/runs_vast_sdmonly/sdmonly-k-2x5090/ck/w11_M9_nf_mix2/test_per_window.npz	47208	1791047826	b17b94a818b7f886bd036f4a6960b9f07d31b5d5a1b14fdc870b3e359c311986
vast-arrays	experiments/track4/sdmllm/runs_vast_sdmonly/sdmonly-k-2x5090/ck/w11_cnmix_d256_T1024_100M/test_per_window.npz	12216	1791062251	e70c3a9aa9f8dcd686b8219d814c850b15e1c53f7953449a4cc8a3d958bf4033
vast-arrays	experiments/track4/sdmllm/runs_vast_sdmonly/sdmonly-k-2x5090/ck/w11_cnmix_d256_T1024_400M/test_per_window.npz	12216	1791060087	5b4e716759003d73a85035d826e4c45be0bf0e69b7506947b5b06f0d07ebe721
vast-arrays	experiments/track4/sdmllm/runs_vast_sdmonly/sdmonly-k-2x5090/ck/w11_mq_d768_400M/test_per_window.npz	47208	1791059412	f1f9b96ff3bf979ff0e5da76bd622af633ee9056082b5e4e6b9e8a1d6251596f
vast-arrays	experiments/track4/sdmllm/runs_vast_sdmonly/sdmonly-k-2x5090/ck/w12_fastcheck_dense_100M/test_per_window.npz	12216	1791064325	411f003152d744eef08e91e07610307b9e5395efcdd2e5e2706292b4cc1a0a83
vast-arrays	experiments/track4/sdmllm/runs_vast_sdmonly/sdmonly-k-2x5090/ck/w12_fastcheck_fast_100M/test_per_window.npz	12216	1791061545	71eaeeeaadc5b4431d2adbe67ee9f96a1a587e7485135c1285b5bd7e0ac975c5
vast-arrays	experiments/track4/sdmllm/runs_vast_sdmonly/sdmonly-k-2x5090/ck/w13_cn_d256_B128_400M/test_per_window.npz	47208	1791067272	ead6794d68996fb12fb3f50d65b870f3f51a6cb849416e9f3c173aaa3c500084
vast-arrays	experiments/track4/sdmllm/runs_vast_sdmonly/sdmonly-k-2x5090/ck/w13_mq_d256_B128_400M/test_per_window.npz	47208	1791067378	879074fce6b822dc4ebe8542dc1d3e3602527c421ecf1380fd6410eca955a05a
vast-arrays	experiments/track4/sdmllm/runs_vast_sdmonly/sdmonly-k-2x5090/ck/w14_cn_d256_B256_400M/test_per_window.npz	47208	1791069174	2367a26cb921fb3de1987da5b1af7ea6239e43c3e10c8aaf73aa31c64785a88f
vast-arrays	experiments/track4/sdmllm/runs_vast_sdmonly/sdmonly-k-2x5090/ck/w14_cn_d256_B512_400M/test_per_window.npz	47208	1791070051	d88b5df8ef8da9ccec5311cc0c1e0dc08f4754e5a78f273e298515752c9a5193
vast-arrays	experiments/track4/sdmllm/runs_vast_sdmonly/sdmonly-k-2x5090/ck/w16_cn_d256_B1024_400M/test_per_window.npz	47208	1791071653	9b53b9f11e545e590341d12e845512d28902b6a01edc25130c5ea39ae3817755
vast-arrays	experiments/track4/sdmllm/runs_vast_sdmonly/sdmonly-k-2x5090/ck/w16_cn_d256_B2048_400M/test_per_window.npz	47208	1791071636	482f0f963047924245b0f7c0ff60e625d711b1fa4c7eaeb4ff22ab8efbe5335e
vast-arrays	experiments/track4/sdmllm/runs_vast_sdmonly/sdmonly-k-2x5090/ck/w17_cn_d256_B512_lr2x_400M/test_per_window.npz	47208	1791073490	f0335db203bf714c62c020c2ae72a07375f0e885f6d1d39ee7211098e9d41fc3
vast-arrays	experiments/track4/sdmllm/runs_vast_sdmonly/sdmonly-k-2x5090/ck/w17_cn_d256_B512_lr4x_400M/test_per_window.npz	47208	1791073474	365a878defaf9ec0fb4dda9678838f28c8446ac2e25b5602713f2b1b140c3d34
vast-arrays	experiments/track4/sdmllm/runs_vast_sdmonly/sdmonly-k-2x5090/ck/w19_cn_d256_B512_lr16x_400M/test_per_window.npz	47208	1791075083	0781228de58f6ab1d46483b7071d36e5c86b7550407ded451c1c02a8c0882786
vast-arrays	experiments/track4/sdmllm/runs_vast_sdmonly/sdmonly-k-2x5090/ck/w19_cn_d256_B512_lr8x_400M/test_per_window.npz	47208	1791075097	68ea4c78094eb32a89a4ce0f809e781acd21dd0ce17eca576ec30e8fef1a64eb
vast-arrays	experiments/track4/sdmllm/runs_vast_sdmonly/sdmonly-k-2x5090/ck/w21_cn_d256_B512_lr4x_1600M/test_per_window.npz	47208	1791080911	ba39cfa73f5e9f3fbaffd74f499712d2d707afeb6f595bfa8916eb7dad092673
vast-arrays	experiments/track4/sdmllm/runs_vast_sdmonly/sdmonly-k-2x5090/ck/w21_cn_d256_B512_lr8x_1600M/test_per_window.npz	47208	1791080850	c94fd860ef6a4c876e49ea89ff67f7304a8441ed969f353885ab6cffcfe2dd6c
vast-arrays	experiments/track4/sdmllm/runs_vast_sdmonly/sdmonly-k-2x5090/ck/w27_cn_d1536_B512_lr4x_800M/test_per_window.npz	47208	1791090110	3d7bfb1139a7369acb16eec5125c409058291c6adb6f59ef828638515bf448e6
vast-arrays	experiments/track4/sdmllm/runs_vast_sdmonly/sdmonly-k-2x5090/ck/w28_cnmix_d768_T1024_B128_400M/test_per_window.npz	12216	1791094973	085a6bb2b9473ac451454e29e9adb78cbc4c707aea5a7b7c4d7f8f208214582a
vast-arrays	experiments/track4/sdmllm/runs_vast_sdmonly/sdmonly-k-2x5090/ck/w35_cn_d1536_B512_lr4x_hm3072_800M/test_per_window.npz	47208	1791101129	3fa93ea1209b5ad061a04027629ae0072cd176c8e511ed4afab2eed527e0315f
vast-arrays	experiments/track4/sdmllm/runs_vast_sdmonly/sdmonly-k-2x5090/ck/w38_cn_d1536_B512_hm3072_hops8_800M/test_per_window.npz	47208	1791110641	5a7a6efd8b0d234eec18c2a67c9c180c968e79b6f706437a745be617db151965
vast-arrays	experiments/track4/sdmllm/runs_vast_sdmonly/sdmonly-k-2x5090/ck/w39_cn_d1024_B512_hm3072_hops8_800M/test_per_window.npz	47208	1791109916	21cb0c62fc38df047420b794b45f2037e5564d7ad001545022215af676eebc1b
vast-arrays	experiments/track4/sdmllm/runs_vast_sdmonly/sdmonly-k-2x5090/ck/w44_cn_d512_B512_hm3072_hops8_1600M/test_per_window.npz	47208	1791120842	7e3eaf42d4ad692989629deeccf444d08a3b965845fd9a7e9d88cf8ee2c5892e
vast-arrays	experiments/track4/sdmllm/runs_vast_sdmonly/sdmonly-k-2x5090/ck/w44_mq_d1024_B512_1600M/test_per_window.npz	47208	1791125251	5c52ab8e660e7c439b756ba09a2ca1bef5174d888ef8d153aee4e01f092547ea
vast-arrays	experiments/track4/sdmllm/runs_vast_sdmonly/sdmonly-k-2x5090/ck/w51_cn_d768_B512_hm3072_hops16_400M/test_per_window.npz	47208	1791125262	35b472671d206191cc63c4f7099926ac31a4103fde67e6dd9d5bf25bbd27a5fb
vast-arrays	experiments/track4/sdmllm/runs_vast_sdmonly/sdmonly-l-2x5090/ck/w11_cn_d1024_100M/test_per_window.npz	47208	1791057723	b1c380ace5fb760673a3c7500302b15ac82e81c3df15fccde6a1600b99bcc324
vast-arrays	experiments/track4/sdmllm/runs_vast_sdmonly/sdmonly-l-2x5090/ck/w11_cn_d384_100M/test_per_window.npz	47208	1791054024	94e568cf2c98eaa2dcd1eec9994063f54f050295981531410d22915106c042c2
vast-arrays	experiments/track4/sdmllm/runs_vast_sdmonly/sdmonly-l-2x5090/ck/w11_cn_d384_1600M/test_per_window.npz	47208	1791053516	f00ce9ca1802da10e452c579b9f426e596135096dd9f7a38b0eee47abca0035d
vast-arrays	experiments/track4/sdmllm/runs_vast_sdmonly/sdmonly-l-2x5090/ck/w11_cn_d384_400M/test_per_window.npz	47208	1791055994	6b065c8de768fddd1e6dbe15c60c5747c3ae951c384781b7987cda997f0025d3
vast-arrays	experiments/track4/sdmllm/runs_vast_sdmonly/sdmonly-l-2x5090/ck/w11_mq_d1024_100M/test_per_window.npz	47208	1791059018	1fadca4ae6d2875efdf2983ed3bffc006668a61461e991f0e25b365ff64ec384
vast-arrays	experiments/track4/sdmllm/runs_vast_sdmonly/sdmonly-l-2x5090/ck/w11_mq_d1024_400M/test_per_window.npz	47208	1791060743	71e9a96a8c09060c629cefdc63937da03878bec31ae0fc8992d5f23d9d333880
vast-arrays	experiments/track4/sdmllm/runs_vast_sdmonly/sdmonly-l-2x5090/ck/w11_mq_d384_100M/test_per_window.npz	47208	1791054498	f1662ae0a21d6c226390339f611206fd8504dbb46b1f4744b56722135934c279
vast-arrays	experiments/track4/sdmllm/runs_vast_sdmonly/sdmonly-l-2x5090/ck/w11_mq_d384_1600M/test_per_window.npz	47208	1791053962	e13bcd362d8cf0a633875f9d3721d6fbe952bfaff25a4bf4b230f5755259a1a8
vast-arrays	experiments/track4/sdmllm/runs_vast_sdmonly/sdmonly-l-2x5090/ck/w11_mq_d384_400M/test_per_window.npz	47208	1791056583	b84e8565564eece8da7557109a29f2ee1d56639a26edc2bb895cc74603321cf5
vast-arrays	experiments/track4/sdmllm/runs_vast_sdmonly/sdmonly-l-2x5090/ck/w13_cn_d768_B128_400M/test_per_window.npz	47208	1791068449	1fd8b4c6d1cd94f855141cd33782b079ec3cb72cf96902b9bb7c304640b6ddb8
vast-arrays	experiments/track4/sdmllm/runs_vast_sdmonly/sdmonly-l-2x5090/ck/w13_mq_d768_B128_400M/test_per_window.npz	47208	1791068645	709821385e690726afd561e6dc5c90708280646836bb932794c226016068cbfc
vast-arrays	experiments/track4/sdmllm/runs_vast_sdmonly/sdmonly-l-2x5090/ck/w15_cn_d1024_B128_400M/test_per_window.npz	47208	1791072451	12e73a4117d2fda486b321064845cd134eb4565b023949e7715d09b64d39df9b
vast-arrays	experiments/track4/sdmllm/runs_vast_sdmonly/sdmonly-l-2x5090/ck/w15_cnmix_d256_T1024_B32_400M/test_per_window.npz	12216	1791078674	aaa2c37a012ba209fa5f3cbb3e3de3be9d065995d7a17ffd0c4b0c9fab8f9c22
vast-arrays	experiments/track4/sdmllm/runs_vast_sdmonly/sdmonly-l-2x5090/ck/w18_cn_d2048_B128_400M/test_per_window.npz	47208	1791078845	e67d523118b3ee9409a63912e58d9d8c3340f4ade1579f8165b9499cc22b2b83
vast-arrays	experiments/track4/sdmllm/runs_vast_sdmonly/sdmonly-l-2x5090/ck/w25_cn_d256_B128_800M/test_per_window.npz	47208	1791081986	aaabcc7b17b8ea453902808f1607521f2c6769e33bf9ae9479ad6422d7f3ac56
vast-arrays	experiments/track4/sdmllm/runs_vast_sdmonly/sdmonly-l-2x5090/ck/w25_cnmix_d256_T1024_B32_800M/test_per_window.npz	12216	1791098117	f87d18164af20f10921d49c7b23f9bd7d2c28cf7b626fe1a304544174cb3abfd
vast-arrays	experiments/track4/sdmllm/runs_vast_sdmonly/sdmonly-l-2x5090/ck/w29_cn_d1536_B512_lr4x_hm3072_400M/test_per_window.npz	47208	1791087250	e8a60cb3e61dde917bd112d2401355214a0607c7186b3e891d9cb36da5824adf
vast-arrays	experiments/track4/sdmllm/runs_vast_sdmonly/sdmonly-l-2x5090/ck/w34_cn_d1536_B512_lr4x_hm12288_400M/test_per_window.npz	47208	1791101004	61a8ac3cab4ad0a59b85ed420718c97c1b31aa541db9fe2a8b95e1a718d5ae67
vast-arrays	experiments/track4/sdmllm/runs_vast_sdmonly/sdmonly-l-2x5090/ck/w34_cn_d1536_B512_lr4x_hm6144_400M/test_per_window.npz	47208	1791093876	b0a6fc8f89b298f189643991f87e9283718faa511be1324e59beddf9ec4bab15
vast-arrays	experiments/track4/sdmllm/runs_vast_sdmonly/sdmonly-l-2x5090/ck/w38_mq_d1536_B512_800M/test_per_window.npz	47208	1791109693	44c70fad4850eee1a5b0a737efa3726cd514c953d18802598750ededf27a2f79
vast-arrays	experiments/track4/sdmllm/runs_vast_sdmonly/sdmonly-l-2x5090/ck/w39_cn_d1024_B512_hm6144_hops8_400M/test_per_window.npz	47208	1791106518	db8fcf803c760434f68e4fc48cc6d3e2905df77f312e31bdfb3bdd260a12591b
vast-arrays	experiments/track4/sdmllm/runs_vast_sdmonly/sdmonly-l-2x5090/ck/w41_cn_d1024_B512_hm3072_hops16_800M/test_per_window.npz	47208	1791117690	a54d327a27a9b54ffe25e9a4b9a24b05ce18ac55a2454c1b905cf1680cdea9c4
vast-arrays	experiments/track4/sdmllm/runs_vast_sdmonly/sdmonly-l-2x5090/ck/w44_cn_d1536_B512_hm6144_hops8_800M/test_per_window.npz	47208	1791125667	d7acf2543335da8bc4b018a3d38aba8764c4aa0d2beaf6e0fe0429db6f5b1073
vast-arrays	experiments/track4/sdmllm/runs_vast_sdmonly/sdmonly-l-2x5090/ck/w47_cn_d1024_B512_hm3072_hops24_400M/test_per_window.npz	47208	1791125290	a96c97c6b0a6f4424c1caea7a433bd060d559449e9f524f63101420bc9f55f2b
vast-arrays	experiments/track4/sdmllm/runs_vast_sdmonly/sdmonly-m-2x5090/ck/w11_cn_d1024_400M/test_per_window.npz	47208	1791059721	919b0f2d749762a8a0ce5b89f8e1cf6d1f725e78faadd3736767b323d3e5ef21
vast-arrays	experiments/track4/sdmllm/runs_vast_sdmonly/sdmonly-m-2x5090/ck/w11_cn_d256_100M_s1/test_per_window.npz	47208	1791049674	cc0c9315cbd0ea450511db7cedd3a51e342081b392f52715da61a0f084265a90
vast-arrays	experiments/track4/sdmllm/runs_vast_sdmonly/sdmonly-m-2x5090/ck/w11_cn_d256_400M_s1/test_per_window.npz	47208	1791049063	3948984da81e3280488a25129780cec24b601edb3fc20c0ae635dc70fcc0a6fd
vast-arrays	experiments/track4/sdmllm/runs_vast_sdmonly/sdmonly-m-2x5090/ck/w11_cnmix_d256_T256_400M/test_per_window.npz	47208	1791055393	fffbadf5a553b2be248233fce64a4df7e7deb224b10f705afebc9344b9f7f615
vast-arrays	experiments/track4/sdmllm/runs_vast_sdmonly/sdmonly-m-2x5090/ck/w11_cnmix_d512_T1024_100M/test_per_window.npz	12216	1791055581	3c172bfd99e4f11c4aa6c7f37f5babfa6213f1978f3b47252b2f99c6c442c2be
vast-arrays	experiments/track4/sdmllm/runs_vast_sdmonly/sdmonly-m-2x5090/ck/w11_mq_d256_400M/test_per_window.npz	47208	1791057248	2863ac17b9b8c227316ea76ee57fedfdfe6ec0748892f344dc01de84a99545e1
vast-arrays	experiments/track4/sdmllm/runs_vast_sdmonly/sdmonly-m-2x5090/ck/w11_mq_d256_400M_s1/test_per_window.npz	47208	1791049258	df527b4133e1378b3c5f364656a5631693c3f8367626e0b19ba5baa33e2635f9
vast-arrays	experiments/track4/sdmllm/runs_vast_sdmonly/sdmonly-m-2x5090/ck/w11_mq_d512_400M/test_per_window.npz	47208	1791052266	c9b3a687392546c3ad11e4a954d7e6d3aefb8f31df4d10f687eeb5803d4dbe53
vast-arrays	experiments/track4/sdmllm/runs_vast_sdmonly/sdmonly-m-2x5090/ck/w13_fastcheck_dense_100M_s1/test_per_window.npz	12216	1791068600	16ab482968cf8158f814a6c4d6b22448684bf4d9c5e84f5dd7513856871b0fc0
vast-arrays	experiments/track4/sdmllm/runs_vast_sdmonly/sdmonly-m-2x5090/ck/w13_fastcheck_fast_100M_s1/test_per_window.npz	12216	1791066911	12ccd84f42b3b57d29df8e5bfbd1b716670265c4c6ed0d8f69cc619eb5aec002
vast-arrays	experiments/track4/sdmllm/runs_vast_sdmonly/sdmonly-m-2x5090/ck/w14_mq_d256_B512_400M/test_per_window.npz	47208	1791070296	767c400a5ef2922d68eddfa87588a4a8852014949160b3c4bd97bca70db97514
vast-arrays	experiments/track4/sdmllm/runs_vast_sdmonly/sdmonly-m-2x5090/ck/w15_cn_d1536_B128_400M/test_per_window.npz	47208	1791073965	fe7877d4243383d163e6a11bb628e977963155da04da53ce4c40a894cfbe02a2
vast-arrays	experiments/track4/sdmllm/runs_vast_sdmonly/sdmonly-m-2x5090/ck/w16_mq_d256_B2048_400M/test_per_window.npz	47208	1791072434	3e65db0f2bedbefa4b3210ac06dc002b40ae1189921229e34e03c650150fc73f
vast-arrays	experiments/track4/sdmllm/runs_vast_sdmonly/sdmonly-m-2x5090/ck/w18_cn_d1024_B512_400M/test_per_window.npz	47208	1791075764	f317b8052c0a0e3f8db428d1bc21ec7f20b6dce620965c331b5ab32606131ca0
vast-arrays	experiments/track4/sdmllm/runs_vast_sdmonly/sdmonly-m-2x5090/ck/w20_cn_d3072_B128_400M/test_per_window.npz	47208	1791085561	76a95b2b79f5cb2e392d5c318a0bb51993e4f434026ac5b133fa1d3f83d9ebaa
vast-arrays	experiments/track4/sdmllm/runs_vast_sdmonly/sdmonly-m-2x5090/ck/w22_cn_d1024_B1024_400M/test_per_window.npz	47208	1791079272	acbcd66c185a6561e47ea087b8081616e985ea85c73b7d401f82fada06103f0a
vast-arrays	experiments/track4/sdmllm/runs_vast_sdmonly/sdmonly-m-2x5090/ck/w22_cn_d1024_B2048_400M/test_per_window.npz	47208	1791082444	8a16fffa9c023af84a96415d7b1bcbbf7f7cdd91c0b2a3614f9d8a0ed8011462
vast-arrays	experiments/track4/sdmllm/runs_vast_sdmonly/sdmonly-m-2x5090/ck/w30_cn_d1536_B512_lr4x_hops8_400M/test_per_window.npz	47208	1791087489	cd55962d005e6f1368a38b863e2862dd95b9a0b64d6ddb41f86dad0cdb08a2bb
vast-arrays	experiments/track4/sdmllm/runs_vast_sdmonly/sdmonly-m-2x5090/ck/w31_cn_d3072_B512_400M/test_per_window.npz	47208	1791095513	4a576ed075da6ef69be34d7dfd179050c445f53eda75b546ba43c3b285966766
vast-arrays	experiments/track4/sdmllm/runs_vast_sdmonly/sdmonly-m-2x5090/ck/w34_cn_d1536_B512_lr4x_hops16_400M/test_per_window.npz	47208	1791092960	0d56f3dfdfec6ed0bba0801b5203b3a4275ef73c2361aa01149c4277351fec94
vast-arrays	experiments/track4/sdmllm/runs_vast_sdmonly/sdmonly-m-2x5090/ck/w34_cn_d1536_B512_lr4x_hops32_400M/test_per_window.npz	47208	1791098312	c31a73ccfe7e258fd346a702676872202701d595303fb29e2a88e3d8eaeb06fa
vast-arrays	experiments/track4/sdmllm/runs_vast_sdmonly/sdmonly-m-2x5090/ck/w38_cn_d1536_B512_hm3072_hops16_400M/test_per_window.npz	47208	1791106425	6e7d01b484b22a0272ea4ccb935af65bc0e00058cdf290c4370aa6c3367539c8
vast-arrays	experiments/track4/sdmllm/runs_vast_sdmonly/sdmonly-m-2x5090/ck/w38_mq_d2048_B512_400M/test_per_window.npz	47208	1791107365	8a1d6681f4861ec59992ca9fc5f809d97c53a603388e498a6d07628a501252f0
vast-arrays	experiments/track4/sdmllm/runs_vast_sdmonly/sdmonly-m-2x5090/ck/w41_cnmix_d768_T1024_B128_hm3072_400M/test_per_window.npz	12216	1791121481	458e34f35784673de3cdeb9ffc173aab1a8c3413bd1e249e535e55a6bfd61ef6
vast-arrays	experiments/track4/sdmllm/runs_vast_sdmonly/sdmonly-m-2x5090/ck/w42_cn_d1536_B512_hm3072_hops16_nb16_400M/test_per_window.npz	47208	1791116036	0ab5a8ee7dd7ae0c188762df6758fb1047abcc4a7d395640ca82e8f66ccda10b
vast-arrays	experiments/track4/sdmllm/runs_vast_sdmonly/sdmonly-m-2x5090/ck/w46_cn_d1536_B512_hm3072_hops16_nb4_400M/test_per_window.npz	47208	1791124749	a7c616d551cd41faaa279b6563bada00a342ad8ba88bc38a2b74efa503dd3a39
vast-arrays	experiments/track4/sdmllm/runs_vast_sdmonly/sdmonly-m-2x5090/ck/w52_cn_d512_B512_hm3072_hops16_400M/test_per_window.npz	47208	1791124963	97f3255e1a2c311ae9219693bbae83f4b58eb71031b9dcab2494e006d0a75a5f
vast-arrays	experiments/track4/sdmllm/runs_vast_sdmonly/sdmonly-n-2x5090/ck/w11_cn_d256_T1024_400M/test_per_window.npz	12216	1791052271	0eefca827f0f19cd54a4dd97e3f1b4a178ed7f4fe912e3dcdb1ab0d1f5c0c61b
vast-arrays	experiments/track4/sdmllm/runs_vast_sdmonly/sdmonly-n-2x5090/ck/w11_cnmix_d256_T1024_400M_s1/test_per_window.npz	12216	1791058248	ac02c878cf5e20219801500aa3b01b0ebeae846b15308bd4cf7f501efa80af44
vast-arrays	experiments/track4/sdmllm/runs_vast_sdmonly/sdmonly-n-2x5090/ck/w11_mq_d256_T1024_400M/test_per_window.npz	12216	1791050630	ba77ea4f0cb183b9997babf5682d9e0d63c749b889c49032c9bde421936713d0
vast-arrays	experiments/track4/sdmllm/runs_vast_sdmonly/sdmonly-n-2x5090/ck/w12_cnmix_d256_T4096_400M_fast/test_per_window.npz	3432	1791057350	d2aa3bcde4cfb8983175449f78391bb356372ca511594fc975ab158db9c37a63
vast-arrays	experiments/track4/sdmllm/runs_vast_sdmonly/sdmonly-n-2x5090/ck/w13_cnmix_d256_T256_400M_s1/test_per_window.npz	47208	1791072185	592e4f76b841b7dacfeeb541af21f927f84c7ca066988272c18f28dad4c4c3aa
vast-arrays	experiments/track4/sdmllm/runs_vast_sdmonly/sdmonly-n-2x5090/ck/w16_mq_d256_B512_800M/test_per_window.npz	47208	1791073816	aaee53f1b14145a57bed2072ff8a0b353055714a20df4058dd609682d1bfa52d
vast-arrays	experiments/track4/sdmllm/runs_vast_sdmonly/sdmonly-n-2x5090/ck/w18_mq_d1024_B512_400M/test_per_window.npz	47208	1791076149	4ebf5a9918899b5141b201078c8948e6583a4d92aed9e1e15d5562ac8685e383
vast-arrays	experiments/track4/sdmllm/runs_vast_sdmonly/sdmonly-n-2x5090/ck/w20_cn_d1536_B512_lr4x_400M/test_per_window.npz	47208	1791079448	da721ae3f3ad74952ce479cdc1cd154420965c3686bedc0fa12ae7707d98434d
vast-arrays	experiments/track4/sdmllm/runs_vast_sdmonly/sdmonly-n-2x5090/ck/w23_mq_d1024_B1024_400M/test_per_window.npz	47208	1791080845	e7efe97a9873b44bad541d61cece374c10f93fdd3d19b4ec30a67815ad471217
vast-arrays	experiments/track4/sdmllm/runs_vast_sdmonly/sdmonly-n-2x5090/ck/w26_cn_d2048_B512_lr4x_400M/test_per_window.npz	47208	1791085750	dc0c9a747eb141cfda5bd97bbdb36582e3d1100c684c1233f24f4396e47feb74
vast-arrays	experiments/track4/sdmllm/runs_vast_sdmonly/sdmonly-n-2x5090/ck/w27_mq_d1536_B512_lr4x_400M/test_per_window.npz	47208	1791086388	f2cb5d69c2a987327c562d26b1f63efbcee9a8b224870fe3da920310ef2401c4
vast-arrays	experiments/track4/sdmllm/runs_vast_sdmonly/sdmonly-n-2x5090/ck/w32_cn_d1536_B512_800M/test_per_window.npz	47208	1791095406	7cc201ba5a5f07b38935e64f0b7771122514f81a7e7f80db813ffde165f834d8
vast-arrays	experiments/track4/sdmllm/runs_vast_sdmonly/sdmonly-n-2x5090/ck/w32_cn_d2048_B512_400M/test_per_window.npz	47208	1791092549	b50b4608bf2c131f68a5d0aed07234cb6f23b7a2ff93bebd012be1aac7f52606
vast-arrays	experiments/track4/sdmllm/runs_vast_sdmonly/sdmonly-n-2x5090/ck/w37_cn_d1024_B512_hm3072_1600M/test_per_window.npz	47208	1791107205	12b7c1bf34c6a56b2f1dcdc7e6201826bf286db3922b8b0da0e0ac3d56b75fdf
vast-arrays	experiments/track4/sdmllm/runs_vast_sdmonly/sdmonly-n-2x5090/ck/w38_cn_d1024_B512_hm3072_hops8_400M/test_per_window.npz	47208	1791103060	8b1a90f7a58b70e14df8d5bf118f6effafe564e33d6528aa027057db53fb03fb
vast-arrays	experiments/track4/sdmllm/runs_vast_sdmonly/sdmonly-n-2x5090/ck/w39_cn_d1024_B512_hm3072_hops16_400M/test_per_window.npz	47208	1791109026	9f268dc04826f42fdc67a19ac9ee4a6fa060f8598ebd1aba47e3ce47e772f5cd
vast-arrays	experiments/track4/sdmllm/runs_vast_sdmonly/sdmonly-n-2x5090/ck/w41_cn_d1024_B512_hm3072_hops8_1600M/test_per_window.npz	47208	1791123729	4677b17626784795ec4634e3c6c2722e8b9dbfdd1abc208718ccb39438302159
vast-arrays	experiments/track4/sdmllm/runs_vast_sdmonly/sdmonly-n-2x5090/ck/w43_cn_d1536_B512_hm3072_hops16_nb32_400M/test_per_window.npz	47208	1791118421	4026c4955b9df2d7170b46ba1a47372e98ab06119e000260f321cad7f50d8c18
vast-arrays	experiments/track4/sdmllm/runs_vast_sdmonly/sdmonly-n-2x5090/ck/w48_cn_d1536_B512_hm3072_hops16_nb2_400M/test_per_window.npz	47208	1791126184	ef3ffa13bef032330ab7dd40ae7d942ad8dba24523771045ecdaf5e4abe14745
vast-arrays	experiments/track4/sdmllm/runs_vast_sdmonly/sdmonly-s1-2x5090/ck/w55_cn_d1024_B512_hm3072_hops128_400M/test_per_window.npz	47208	1791260574	0666117f518d694b8bb4370517736f5af2e8913f1741be3f81dfe7daceb754ea
vast-arrays	experiments/track4/sdmllm/runs_vast_sdmonly/sdmonly-s1-2x5090/ck/w57_sdm_d1024_hm3072_hops16_qgrad1_400M/test_per_window.npz	47208	1791222042	3a500be104ac39e343845e9dafaf9c75e7ceee2bc8e2ab9cc1cc2575e717ca6a
vast-arrays	experiments/track4/sdmllm/runs_vast_sdmonly/sdmonly-s1-2x5090/ck/w57_sdm_d1024_hm3072_hops16_qgrad1_graded_400M/test_per_window.npz	47208	1791238485	1c8a85a140dc6c39b5c65faa1cc9d9f0b54a86c4bc220fabbeac7f78df76ea1f
vast-arrays	experiments/track4/sdmllm/runs_vast_sdmonly/sdmonly-s2-2x5090/ck/w57_sdm_d1024_hm3072_hops16_k64_400M/test_per_window.npz	47208	1791228550	593194dd7c8630fba8c40c7063211b433c6227c3bd7148c68f5b6bf47219ad99
vast-arrays	experiments/track4/sdmllm/runs_vast_sdmonly/sdmonly-s2-2x5090/ck/w57_sdm_d1024_hm3072_hops16_slr10_400M/test_per_window.npz	47208	1791224284	feb1a15a293f49f03de664799b79f8f02d0f64277168a92cdaa5f79dd3eca559
vast-arrays	experiments/track4/sdmllm/runs_vast_sdmonly/sdmonly-s2-2x5090/ck/w59_cn_d1024_T8192_B16_hm3072_hops16_400M/test_per_window.npz	1968	1791232777	ad37a492421a781e4f160a9afb5a70d3dda8a5d962b1a397d968ee76880309c7
vast-arrays	experiments/track4/sdmllm/runs_vast_sdmonly/sdmonly-s3-2x5090/ck/true_cn_d1536_hm6144_hops16_T2048_wsd_2B/test_per_window.npz	6360	1791291764	2120d9271f9edad1d7bcf7b8afc72f69708ccbe2f1caef40c2a78882759ba980
vast-arrays	experiments/track4/sdmllm/runs_vast_sdmonly/sdmonly-s3-2x5090/ck/w57_cn_d1024_T1024_B128_hm3072_hops16_400M/test_per_window.npz	12216	1791218084	ea3272da7cdf7fefe7ce15723ba7dea36d853ee70233aec4aafc24dcb56ad867
vast-arrays	experiments/track4/sdmllm/runs_vast_sdmonly/sdmonly-s3-2x5090/ck/w57_sdm_d1024_hm3072_hops16_perhop_nsub128_400M/test_per_window.npz	47208	1791226477	88e2ab78327a46700549ca3d252b9395b29497bf0959f1add198a8c29d7d8908
vast-arrays	experiments/track4/sdmllm/runs_vast_sdmonly/sdmonly-s3-2x5090/ck/w58_cn_d1024_T2048_B64_hm3072_hops16_400M/test_per_window.npz	6360	1791225094	2cb22ab60b91e89a93109199e88031c7c127338f5423ac9bc5038e2b17517202
vast-arrays	experiments/track4/sdmllm/runs_vast_sdmonly/sdmonly-s4-2x5090/ck/w57_cnmix_d1024_T1024_B128_hm3072_hops16_fade_400M/test_per_window.npz	12216	1791225638	ffcfb0600c6901ae8b3fe9bd29b67c05968ffc40390e0396c2e27556b968a7cb
vast-arrays	experiments/track4/sdmllm/runs_vast_sdmonly/sdmonly-s4-2x5090/ck/w57_cnmix_d1024_T1024_B128_hm3072_hops16_fade_wd_400M/test_per_window.npz	12216	1791225489	6e6c40803de5687b42f3949dca1565db0afe84426999a8655ae4be9c4abc4bfc
